DATAFLOW,MEASURE: Measure,SEX: Sex,AGE: Age,MARITAL_STATUS: Marital status,REGION: Region,FREQ: Frequency,TIME_PERIOD: Time Period,OBS_VALUE,UNIT_MEASURE: Unit of Measure,OBS_STATUS: Observation Status,OBS_COMMENT: Observation Comment
ABS:DEATHS_MARITAL_STATUS(1.0.0),4: Deaths,1: Males,A30: 30-34,TOT: All marital statuses,AUS: Australia,A: Annual,2009,740,NUM: Number,,
ABS:DEATHS_MARITAL_STATUS(1.0.0),4: Deaths,1: Males,A30: 30-34,TOT: All marital statuses,AUS: Australia,A: Annual,2010,711,NUM: Number,,
ABS:DEATHS_MARITAL_STATUS(1.0.0),4: Deaths,1: Males,A30: 30-34,TOT: All marital statuses,AUS: Australia,A: Annual,2011,708,NUM: Number,,
ABS:DEATHS_MARITAL_STATUS(1.0.0),4: Deaths,1: Males,A30: 30-34,TOT: All marital statuses,AUS: Australia,A: Annual,2012,655,NUM: Number,,
ABS:DEATHS_MARITAL_STATUS(1.0.0),4: Deaths,1: Males,A30: 30-34,TOT: All marital statuses,AUS: Australia,A: Annual,2013,653,NUM: Number,,
ABS:DEATHS_MARITAL_STATUS(1.0.0),4: Deaths,1: Males,A30: 30-34,TOT: All marital statuses,AUS: Australia,A: Annual,2014,731,NUM: Number,,
ABS:DEATHS_MARITAL_STATUS(1.0.0),4: Deaths,1: Males,A30: 30-34,TOT: All marital statuses,AUS: Australia,A: Annual,2015,774,NUM: Number,,
ABS:DEATHS_MARITAL_STATUS(1.0.0),4: Deaths,1: Males,A30: 30-34,TOT: All marital statuses,AUS: Australia,A: Annual,2016,740,NUM: Number,,
ABS:DEATHS_MARITAL_STATUS(1.0.0),4: Deaths,1: Males,A30: 30-34,TOT: All marital statuses,AUS: Australia,A: Annual,2017,748,NUM: Number,,
ABS:DEATHS_MARITAL_STATUS(1.0.0),4: Deaths,1: Males,A30: 30-34,TOT: All marital statuses,AUS: Australia,A: Annual,2018,724,NUM: Number,,
ABS:DEATHS_MARITAL_STATUS(1.0.0),4: Deaths,1: Males,A30: 30-34,TOT: All marital statuses,AUS: Australia,A: Annual,2019,795,NUM: Number,,
ABS:DEATHS_MARITAL_STATUS(1.0.0),4: Deaths,1: Males,A30: 30-34,TOT: All marital statuses,AUS: Australia,A: Annual,2020,751,NUM: Number,,
ABS:DEATHS_MARITAL_STATUS(1.0.0),4: Deaths,2: Females,A25: 25-29,TOT: All marital statuses,AUS: Australia,A: Annual,2009,270,NUM: Number,,
ABS:DEATHS_MARITAL_STATUS(1.0.0),4: Deaths,2: Females,A25: 25-29,TOT: All marital statuses,AUS: Australia,A: Annual,2010,249,NUM: Number,,
ABS:DEATHS_MARITAL_STATUS(1.0.0),4: Deaths,2: Females,A25: 25-29,TOT: All marital statuses,AUS: Australia,A: Annual,2011,247,NUM: Number,,
ABS:DEATHS_MARITAL_STATUS(1.0.0),4: Deaths,2: Females,A25: 25-29,TOT: All marital statuses,AUS: Australia,A: Annual,2012,218,NUM: Number,,
ABS:DEATHS_MARITAL_STATUS(1.0.0),4: Deaths,2: Females,A25: 25-29,TOT: All marital statuses,AUS: Australia,A: Annual,2013,226,NUM: Number,,
ABS:DEATHS_MARITAL_STATUS(1.0.0),4: Deaths,2: Females,A25: 25-29,TOT: All marital statuses,AUS: Australia,A: Annual,2014,275,NUM: Number,,
ABS:DEATHS_MARITAL_STATUS(1.0.0),4: Deaths,2: Females,A25: 25-29,TOT: All marital statuses,AUS: Australia,A: Annual,2015,241,NUM: Number,,
ABS:DEATHS_MARITAL_STATUS(1.0.0),4: Deaths,2: Females,A25: 25-29,TOT: All marital statuses,AUS: Australia,A: Annual,2016,270,NUM: Number,,
ABS:DEATHS_MARITAL_STATUS(1.0.0),4: Deaths,2: Females,A25: 25-29,TOT: All marital statuses,AUS: Australia,A: Annual,2017,241,NUM: Number,,
ABS:DEATHS_MARITAL_STATUS(1.0.0),4: Deaths,2: Females,A25: 25-29,TOT: All marital statuses,AUS: Australia,A: Annual,2018,217,NUM: Number,,
ABS:DEATHS_MARITAL_STATUS(1.0.0),4: Deaths,2: Females,A25: 25-29,TOT: All marital statuses,AUS: Australia,A: Annual,2019,283,NUM: Number,,
ABS:DEATHS_MARITAL_STATUS(1.0.0),4: Deaths,2: Females,A25: 25-29,TOT: All marital statuses,AUS: Australia,A: Annual,2020,259,NUM: Number,,
ABS:DEATHS_MARITAL_STATUS(1.0.0),4: Deaths,2: Females,A70: 70-74,TOT: All marital statuses,AUS: Australia,A: Annual,2009,4692,NUM: Number,,
ABS:DEATHS_MARITAL_STATUS(1.0.0),4: Deaths,2: Females,A70: 70-74,TOT: All marital statuses,AUS: Australia,A: Annual,2010,4893,NUM: Number,,
ABS:DEATHS_MARITAL_STATUS(1.0.0),4: Deaths,2: Females,A70: 70-74,TOT: All marital statuses,AUS: Australia,A: Annual,2011,4924,NUM: Number,,
ABS:DEATHS_MARITAL_STATUS(1.0.0),4: Deaths,2: Females,A70: 70-74,TOT: All marital statuses,AUS: Australia,A: Annual,2012,4810,NUM: Number,,
ABS:DEATHS_MARITAL_STATUS(1.0.0),4: Deaths,2: Females,A70: 70-74,TOT: All marital statuses,AUS: Australia,A: Annual,2013,4789,NUM: Number,,
ABS:DEATHS_MARITAL_STATUS(1.0.0),4: Deaths,2: Females,A70: 70-74,TOT: All marital statuses,AUS: Australia,A: Annual,2014,5178,NUM: Number,,
ABS:DEATHS_MARITAL_STATUS(1.0.0),4: Deaths,2: Females,A70: 70-74,TOT: All marital statuses,AUS: Australia,A: Annual,2015,5324,NUM: Number,,
ABS:DEATHS_MARITAL_STATUS(1.0.0),4: Deaths,2: Females,A70: 70-74,TOT: All marital statuses,AUS: Australia,A: Annual,2016,5342,NUM: Number,,
ABS:DEATHS_MARITAL_STATUS(1.0.0),4: Deaths,2: Females,A70: 70-74,TOT: All marital statuses,AUS: Australia,A: Annual,2017,5742,NUM: Number,,
ABS:DEATHS_MARITAL_STATUS(1.0.0),4: Deaths,2: Females,A70: 70-74,TOT: All marital statuses,AUS: Australia,A: Annual,2018,5828,NUM: Number,,
ABS:DEATHS_MARITAL_STATUS(1.0.0),4: Deaths,2: Females,A70: 70-74,TOT: All marital statuses,AUS: Australia,A: Annual,2019,6335,NUM: Number,,
ABS:DEATHS_MARITAL_STATUS(1.0.0),4: Deaths,2: Females,A70: 70-74,TOT: All marital statuses,AUS: Australia,A: Annual,2020,6099,NUM: Number,,
ABS:DEATHS_MARITAL_STATUS(1.0.0),4: Deaths,1: Males,A25: 25-29,TOT: All marital statuses,AUS: Australia,A: Annual,2009,644,NUM: Number,,
ABS:DEATHS_MARITAL_STATUS(1.0.0),4: Deaths,1: Males,A25: 25-29,TOT: All marital statuses,AUS: Australia,A: Annual,2010,588,NUM: Number,,
ABS:DEATHS_MARITAL_STATUS(1.0.0),4: Deaths,1: Males,A25: 25-29,TOT: All marital statuses,AUS: Australia,A: Annual,2011,624,NUM: Number,,
ABS:DEATHS_MARITAL_STATUS(1.0.0),4: Deaths,1: Males,A25: 25-29,TOT: All marital statuses,AUS: Australia,A: Annual,2012,633,NUM: Number,,
ABS:DEATHS_MARITAL_STATUS(1.0.0),4: Deaths,1: Males,A25: 25-29,TOT: All marital statuses,AUS: Australia,A: Annual,2013,575,NUM: Number,,
ABS:DEATHS_MARITAL_STATUS(1.0.0),4: Deaths,1: Males,A25: 25-29,TOT: All marital statuses,AUS: Australia,A: Annual,2014,572,NUM: Number,,
ABS:DEATHS_MARITAL_STATUS(1.0.0),4: Deaths,1: Males,A25: 25-29,TOT: All marital statuses,AUS: Australia,A: Annual,2015,612,NUM: Number,,
ABS:DEATHS_MARITAL_STATUS(1.0.0),4: Deaths,1: Males,A25: 25-29,TOT: All marital statuses,AUS: Australia,A: Annual,2016,596,NUM: Number,,
ABS:DEATHS_MARITAL_STATUS(1.0.0),4: Deaths,1: Males,A25: 25-29,TOT: All marital statuses,AUS: Australia,A: Annual,2017,601,NUM: Number,,
ABS:DEATHS_MARITAL_STATUS(1.0.0),4: Deaths,1: Males,A25: 25-29,TOT: All marital statuses,AUS: Australia,A: Annual,2018,580,NUM: Number,,
ABS:DEATHS_MARITAL_STATUS(1.0.0),4: Deaths,1: Males,A25: 25-29,TOT: All marital statuses,AUS: Australia,A: Annual,2019,702,NUM: Number,,
ABS:DEATHS_MARITAL_STATUS(1.0.0),4: Deaths,1: Males,A25: 25-29,TOT: All marital statuses,AUS: Australia,A: Annual,2020,660,NUM: Number,,
ABS:DEATHS_MARITAL_STATUS(1.0.0),4: Deaths,1: Males,A75: 75-79,TOT: All marital statuses,AUS: Australia,A: Annual,2009,9845,NUM: Number,,
ABS:DEATHS_MARITAL_STATUS(1.0.0),4: Deaths,1: Males,A75: 75-79,TOT: All marital statuses,AUS: Australia,A: Annual,2010,9516,NUM: Number,,
ABS:DEATHS_MARITAL_STATUS(1.0.0),4: Deaths,1: Males,A75: 75-79,TOT: All marital statuses,AUS: Australia,A: Annual,2011,9748,NUM: Number,,
ABS:DEATHS_MARITAL_STATUS(1.0.0),4: Deaths,1: Males,A75: 75-79,TOT: All marital statuses,AUS: Australia,A: Annual,2012,9526,NUM: Number,,
ABS:DEATHS_MARITAL_STATUS(1.0.0),4: Deaths,1: Males,A75: 75-79,TOT: All marital statuses,AUS: Australia,A: Annual,2013,9520,NUM: Number,,
ABS:DEATHS_MARITAL_STATUS(1.0.0),4: Deaths,1: Males,A75: 75-79,TOT: All marital statuses,AUS: Australia,A: Annual,2014,9772,NUM: Number,,
ABS:DEATHS_MARITAL_STATUS(1.0.0),4: Deaths,1: Males,A75: 75-79,TOT: All marital statuses,AUS: Australia,A: Annual,2015,10135,NUM: Number,,
ABS:DEATHS_MARITAL_STATUS(1.0.0),4: Deaths,1: Males,A75: 75-79,TOT: All marital statuses,AUS: Australia,A: Annual,2016,10252,NUM: Number,,
ABS:DEATHS_MARITAL_STATUS(1.0.0),4: Deaths,1: Males,A75: 75-79,TOT: All marital statuses,AUS: Australia,A: Annual,2017,10440,NUM: Number,,
ABS:DEATHS_MARITAL_STATUS(1.0.0),4: Deaths,1: Males,A75: 75-79,TOT: All marital statuses,AUS: Australia,A: Annual,2018,10262,NUM: Number,,
ABS:DEATHS_MARITAL_STATUS(1.0.0),4: Deaths,1: Males,A75: 75-79,TOT: All marital statuses,AUS: Australia,A: Annual,2019,11015,NUM: Number,,
ABS:DEATHS_MARITAL_STATUS(1.0.0),4: Deaths,1: Males,A75: 75-79,TOT: All marital statuses,AUS: Australia,A: Annual,2020,10870,NUM: Number,,
ABS:DEATHS_MARITAL_STATUS(1.0.0),4: Deaths,2: Females,A30: 30-34,TOT: All marital statuses,AUS: Australia,A: Annual,2009,287,NUM: Number,,
ABS:DEATHS_MARITAL_STATUS(1.0.0),4: Deaths,2: Females,A30: 30-34,TOT: All marital statuses,AUS: Australia,A: Annual,2010,300,NUM: Number,,
ABS:DEATHS_MARITAL_STATUS(1.0.0),4: Deaths,2: Females,A30: 30-34,TOT: All marital statuses,AUS: Australia,A: Annual,2011,319,NUM: Number,,
ABS:DEATHS_MARITAL_STATUS(1.0.0),4: Deaths,2: Females,A30: 30-34,TOT: All marital statuses,AUS: Australia,A: Annual,2012,328,NUM: Number,,
ABS:DEATHS_MARITAL_STATUS(1.0.0),4: Deaths,2: Females,A30: 30-34,TOT: All marital statuses,AUS: Australia,A: Annual,2013,333,NUM: Number,,
ABS:DEATHS_MARITAL_STATUS(1.0.0),4: Deaths,2: Females,A30: 30-34,TOT: All marital statuses,AUS: Australia,A: Annual,2014,369,NUM: Number,,
ABS:DEATHS_MARITAL_STATUS(1.0.0),4: Deaths,2: Females,A30: 30-34,TOT: All marital statuses,AUS: Australia,A: Annual,2015,332,NUM: Number,,
ABS:DEATHS_MARITAL_STATUS(1.0.0),4: Deaths,2: Females,A30: 30-34,TOT: All marital statuses,AUS: Australia,A: Annual,2016,395,NUM: Number,,
ABS:DEATHS_MARITAL_STATUS(1.0.0),4: Deaths,2: Females,A30: 30-34,TOT: All marital statuses,AUS: Australia,A: Annual,2017,341,NUM: Number,,
ABS:DEATHS_MARITAL_STATUS(1.0.0),4: Deaths,2: Females,A30: 30-34,TOT: All marital statuses,AUS: Australia,A: Annual,2018,319,NUM: Number,,
ABS:DEATHS_MARITAL_STATUS(1.0.0),4: Deaths,2: Females,A30: 30-34,TOT: All marital statuses,AUS: Australia,A: Annual,2019,353,NUM: Number,,
ABS:DEATHS_MARITAL_STATUS(1.0.0),4: Deaths,2: Females,A30: 30-34,TOT: All marital statuses,AUS: Australia,A: Annual,2020,370,NUM: Number,,
ABS:DEATHS_MARITAL_STATUS(1.0.0),4: Deaths,1: Males,A70: 70-74,TOT: All marital statuses,AUS: Australia,A: Annual,2009,7398,NUM: Number,,
ABS:DEATHS_MARITAL_STATUS(1.0.0),4: Deaths,1: Males,A70: 70-74,TOT: All marital statuses,AUS: Australia,A: Annual,2010,7484,NUM: Number,,
ABS:DEATHS_MARITAL_STATUS(1.0.0),4: Deaths,1: Males,A70: 70-74,TOT: All marital statuses,AUS: Australia,A: Annual,2011,7569,NUM: Number,,
ABS:DEATHS_MARITAL_STATUS(1.0.0),4: Deaths,1: Males,A70: 70-74,TOT: All marital statuses,AUS: Australia,A: Annual,2012,7436,NUM: Number,,
ABS:DEATHS_MARITAL_STATUS(1.0.0),4: Deaths,1: Males,A70: 70-74,TOT: All marital statuses,AUS: Australia,A: Annual,2013,7666,NUM: Number,,
ABS:DEATHS_MARITAL_STATUS(1.0.0),4: Deaths,1: Males,A70: 70-74,TOT: All marital statuses,AUS: Australia,A: Annual,2014,7813,NUM: Number,,
ABS:DEATHS_MARITAL_STATUS(1.0.0),4: Deaths,1: Males,A70: 70-74,TOT: All marital statuses,AUS: Australia,A: Annual,2015,8158,NUM: Number,,
ABS:DEATHS_MARITAL_STATUS(1.0.0),4: Deaths,1: Males,A70: 70-74,TOT: All marital statuses,AUS: Australia,A: Annual,2016,8411,NUM: Number,,
ABS:DEATHS_MARITAL_STATUS(1.0.0),4: Deaths,1: Males,A70: 70-74,TOT: All marital statuses,AUS: Australia,A: Annual,2017,8793,NUM: Number,,
ABS:DEATHS_MARITAL_STATUS(1.0.0),4: Deaths,1: Males,A70: 70-74,TOT: All marital statuses,AUS: Australia,A: Annual,2018,9009,NUM: Number,,
ABS:DEATHS_MARITAL_STATUS(1.0.0),4: Deaths,1: Males,A70: 70-74,TOT: All marital statuses,AUS: Australia,A: Annual,2019,9437,NUM: Number,,
ABS:DEATHS_MARITAL_STATUS(1.0.0),4: Deaths,1: Males,A70: 70-74,TOT: All marital statuses,AUS: Australia,A: Annual,2020,9424,NUM: Number,,
ABS:DEATHS_MARITAL_STATUS(1.0.0),4: Deaths,2: Females,A20: 20-24,TOT: All marital statuses,AUS: Australia,A: Annual,2009,198,NUM: Number,,
ABS:DEATHS_MARITAL_STATUS(1.0.0),4: Deaths,2: Females,A20: 20-24,TOT: All marital statuses,AUS: Australia,A: Annual,2010,210,NUM: Number,,
ABS:DEATHS_MARITAL_STATUS(1.0.0),4: Deaths,2: Females,A20: 20-24,TOT: All marital statuses,AUS: Australia,A: Annual,2011,220,NUM: Number,,
ABS:DEATHS_MARITAL_STATUS(1.0.0),4: Deaths,2: Females,A20: 20-24,TOT: All marital statuses,AUS: Australia,A: Annual,2012,202,NUM: Number,,
ABS:DEATHS_MARITAL_STATUS(1.0.0),4: Deaths,2: Females,A20: 20-24,TOT: All marital statuses,AUS: Australia,A: Annual,2013,198,NUM: Number,,
ABS:DEATHS_MARITAL_STATUS(1.0.0),4: Deaths,2: Females,A20: 20-24,TOT: All marital statuses,AUS: Australia,A: Annual,2014,192,NUM: Number,,
ABS:DEATHS_MARITAL_STATUS(1.0.0),4: Deaths,2: Females,A20: 20-24,TOT: All marital statuses,AUS: Australia,A: Annual,2015,172,NUM: Number,,
ABS:DEATHS_MARITAL_STATUS(1.0.0),4: Deaths,2: Females,A20: 20-24,TOT: All marital statuses,AUS: Australia,A: Annual,2016,197,NUM: Number,,
ABS:DEATHS_MARITAL_STATUS(1.0.0),4: Deaths,2: Females,A20: 20-24,TOT: All marital statuses,AUS: Australia,A: Annual,2017,173,NUM: Number,,
ABS:DEATHS_MARITAL_STATUS(1.0.0),4: Deaths,2: Females,A20: 20-24,TOT: All marital statuses,AUS: Australia,A: Annual,2018,167,NUM: Number,,
ABS:DEATHS_MARITAL_STATUS(1.0.0),4: Deaths,2: Females,A20: 20-24,TOT: All marital statuses,AUS: Australia,A: Annual,2019,230,NUM: Number,,
ABS:DEATHS_MARITAL_STATUS(1.0.0),4: Deaths,2: Females,A20: 20-24,TOT: All marital statuses,AUS: Australia,A: Annual,2020,181,NUM: Number,,
ABS:DEATHS_MARITAL_STATUS(1.0.0),4: Deaths,1: Males,A35: 35-39,TOT: All marital statuses,AUS: Australia,A: Annual,2009,984,NUM: Number,,
ABS:DEATHS_MARITAL_STATUS(1.0.0),4: Deaths,1: Males,A35: 35-39,TOT: All marital statuses,AUS: Australia,A: Annual,2010,959,NUM: Number,,
ABS:DEATHS_MARITAL_STATUS(1.0.0),4: Deaths,1: Males,A35: 35-39,TOT: All marital statuses,AUS: Australia,A: Annual,2011,887,NUM: Number,,
ABS:DEATHS_MARITAL_STATUS(1.0.0),4: Deaths,1: Males,A35: 35-39,TOT: All marital statuses,AUS: Australia,A: Annual,2012,848,NUM: Number,,
ABS:DEATHS_MARITAL_STATUS(1.0.0),4: Deaths,1: Males,A35: 35-39,TOT: All marital statuses,AUS: Australia,A: Annual,2013,824,NUM: Number,,
ABS:DEATHS_MARITAL_STATUS(1.0.0),4: Deaths,1: Males,A35: 35-39,TOT: All marital statuses,AUS: Australia,A: Annual,2014,911,NUM: Number,,
ABS:DEATHS_MARITAL_STATUS(1.0.0),4: Deaths,1: Males,A35: 35-39,TOT: All marital statuses,AUS: Australia,A: Annual,2015,907,NUM: Number,,
ABS:DEATHS_MARITAL_STATUS(1.0.0),4: Deaths,1: Males,A35: 35-39,TOT: All marital statuses,AUS: Australia,A: Annual,2016,895,NUM: Number,,
ABS:DEATHS_MARITAL_STATUS(1.0.0),4: Deaths,1: Males,A35: 35-39,TOT: All marital statuses,AUS: Australia,A: Annual,2017,919,NUM: Number,,
ABS:DEATHS_MARITAL_STATUS(1.0.0),4: Deaths,1: Males,A35: 35-39,TOT: All marital statuses,AUS: Australia,A: Annual,2018,966,NUM: Number,,
ABS:DEATHS_MARITAL_STATUS(1.0.0),4: Deaths,1: Males,A35: 35-39,TOT: All marital statuses,AUS: Australia,A: Annual,2019,1018,NUM: Number,,
ABS:DEATHS_MARITAL_STATUS(1.0.0),4: Deaths,1: Males,A35: 35-39,TOT: All marital statuses,AUS: Australia,A: Annual,2020,940,NUM: Number,,
ABS:DEATHS_MARITAL_STATUS(1.0.0),4: Deaths,1: Males,A65: 65-69,TOT: All marital statuses,AUS: Australia,A: Annual,2009,5714,NUM: Number,,
ABS:DEATHS_MARITAL_STATUS(1.0.0),4: Deaths,1: Males,A65: 65-69,TOT: All marital statuses,AUS: Australia,A: Annual,2010,5902,NUM: Number,,
ABS:DEATHS_MARITAL_STATUS(1.0.0),4: Deaths,1: Males,A65: 65-69,TOT: All marital statuses,AUS: Australia,A: Annual,2011,5964,NUM: Number,,
ABS:DEATHS_MARITAL_STATUS(1.0.0),4: Deaths,1: Males,A65: 65-69,TOT: All marital statuses,AUS: Australia,A: Annual,2012,6152,NUM: Number,,
ABS:DEATHS_MARITAL_STATUS(1.0.0),4: Deaths,1: Males,A65: 65-69,TOT: All marital statuses,AUS: Australia,A: Annual,2013,6681,NUM: Number,,
ABS:DEATHS_MARITAL_STATUS(1.0.0),4: Deaths,1: Males,A65: 65-69,TOT: All marital statuses,AUS: Australia,A: Annual,2014,6702,NUM: Number,,
ABS:DEATHS_MARITAL_STATUS(1.0.0),4: Deaths,1: Males,A65: 65-69,TOT: All marital statuses,AUS: Australia,A: Annual,2015,6834,NUM: Number,,
ABS:DEATHS_MARITAL_STATUS(1.0.0),4: Deaths,1: Males,A65: 65-69,TOT: All marital statuses,AUS: Australia,A: Annual,2016,6764,NUM: Number,,
ABS:DEATHS_MARITAL_STATUS(1.0.0),4: Deaths,1: Males,A65: 65-69,TOT: All marital statuses,AUS: Australia,A: Annual,2017,6768,NUM: Number,,
ABS:DEATHS_MARITAL_STATUS(1.0.0),4: Deaths,1: Males,A65: 65-69,TOT: All marital statuses,AUS: Australia,A: Annual,2018,6612,NUM: Number,,
ABS:DEATHS_MARITAL_STATUS(1.0.0),4: Deaths,1: Males,A65: 65-69,TOT: All marital statuses,AUS: Australia,A: Annual,2019,6954,NUM: Number,,
ABS:DEATHS_MARITAL_STATUS(1.0.0),4: Deaths,1: Males,A65: 65-69,TOT: All marital statuses,AUS: Australia,A: Annual,2020,6518,NUM: Number,,
ABS:DEATHS_MARITAL_STATUS(1.0.0),4: Deaths,2: Females,999: Not stated,TOT: All marital statuses,AUS: Australia,A: Annual,2009,2,NUM: Number,,
ABS:DEATHS_MARITAL_STATUS(1.0.0),4: Deaths,2: Females,999: Not stated,TOT: All marital statuses,AUS: Australia,A: Annual,2010,7,NUM: Number,,
ABS:DEATHS_MARITAL_STATUS(1.0.0),4: Deaths,2: Females,999: Not stated,TOT: All marital statuses,AUS: Australia,A: Annual,2011,1,NUM: Number,,
ABS:DEATHS_MARITAL_STATUS(1.0.0),4: Deaths,2: Females,999: Not stated,TOT: All marital statuses,AUS: Australia,A: Annual,2012,1,NUM: Number,,
ABS:DEATHS_MARITAL_STATUS(1.0.0),4: Deaths,2: Females,999: Not stated,TOT: All marital statuses,AUS: Australia,A: Annual,2013,7,NUM: Number,,
ABS:DEATHS_MARITAL_STATUS(1.0.0),4: Deaths,2: Females,999: Not stated,TOT: All marital statuses,AUS: Australia,A: Annual,2014,16,NUM: Number,,
ABS:DEATHS_MARITAL_STATUS(1.0.0),4: Deaths,2: Females,999: Not stated,TOT: All marital statuses,AUS: Australia,A: Annual,2015,3,NUM: Number,,
ABS:DEATHS_MARITAL_STATUS(1.0.0),4: Deaths,2: Females,999: Not stated,TOT: All marital statuses,AUS: Australia,A: Annual,2016,3,NUM: Number,,
ABS:DEATHS_MARITAL_STATUS(1.0.0),4: Deaths,2: Females,999: Not stated,TOT: All marital statuses,AUS: Australia,A: Annual,2017,3,NUM: Number,,
ABS:DEATHS_MARITAL_STATUS(1.0.0),4: Deaths,2: Females,999: Not stated,TOT: All marital statuses,AUS: Australia,A: Annual,2018,0,NUM: Number,,
ABS:DEATHS_MARITAL_STATUS(1.0.0),4: Deaths,2: Females,999: Not stated,TOT: All marital statuses,AUS: Australia,A: Annual,2019,0,NUM: Number,,
ABS:DEATHS_MARITAL_STATUS(1.0.0),4: Deaths,2: Females,999: Not stated,TOT: All marital statuses,AUS: Australia,A: Annual,2020,3,NUM: Number,,
ABS:DEATHS_MARITAL_STATUS(1.0.0),4: Deaths,1: Males,A85: 85-89,TOT: All marital statuses,AUS: Australia,A: Annual,2009,11225,NUM: Number,,
ABS:DEATHS_MARITAL_STATUS(1.0.0),4: Deaths,1: Males,A85: 85-89,TOT: All marital statuses,AUS: Australia,A: Annual,2010,11723,NUM: Number,,
ABS:DEATHS_MARITAL_STATUS(1.0.0),4: Deaths,1: Males,A85: 85-89,TOT: All marital statuses,AUS: Australia,A: Annual,2011,12393,NUM: Number,,
ABS:DEATHS_MARITAL_STATUS(1.0.0),4: Deaths,1: Males,A85: 85-89,TOT: All marital statuses,AUS: Australia,A: Annual,2012,12455,NUM: Number,,
ABS:DEATHS_MARITAL_STATUS(1.0.0),4: Deaths,1: Males,A85: 85-89,TOT: All marital statuses,AUS: Australia,A: Annual,2013,12689,NUM: Number,,
ABS:DEATHS_MARITAL_STATUS(1.0.0),4: Deaths,1: Males,A85: 85-89,TOT: All marital statuses,AUS: Australia,A: Annual,2014,13129,NUM: Number,,
ABS:DEATHS_MARITAL_STATUS(1.0.0),4: Deaths,1: Males,A85: 85-89,TOT: All marital statuses,AUS: Australia,A: Annual,2015,13883,NUM: Number,,
ABS:DEATHS_MARITAL_STATUS(1.0.0),4: Deaths,1: Males,A85: 85-89,TOT: All marital statuses,AUS: Australia,A: Annual,2016,13878,NUM: Number,,
ABS:DEATHS_MARITAL_STATUS(1.0.0),4: Deaths,1: Males,A85: 85-89,TOT: All marital statuses,AUS: Australia,A: Annual,2017,13879,NUM: Number,,
ABS:DEATHS_MARITAL_STATUS(1.0.0),4: Deaths,1: Males,A85: 85-89,TOT: All marital statuses,AUS: Australia,A: Annual,2018,13457,NUM: Number,,
ABS:DEATHS_MARITAL_STATUS(1.0.0),4: Deaths,1: Males,A85: 85-89,TOT: All marital statuses,AUS: Australia,A: Annual,2019,13946,NUM: Number,,
ABS:DEATHS_MARITAL_STATUS(1.0.0),4: Deaths,1: Males,A85: 85-89,TOT: All marital statuses,AUS: Australia,A: Annual,2020,13063,NUM: Number,,
ABS:DEATHS_MARITAL_STATUS(1.0.0),4: Deaths,1: Males,A15: 15-19,TOT: All marital statuses,AUS: Australia,A: Annual,2009,378,NUM: Number,,
ABS:DEATHS_MARITAL_STATUS(1.0.0),4: Deaths,1: Males,A15: 15-19,TOT: All marital statuses,AUS: Australia,A: Annual,2010,378,NUM: Number,,
ABS:DEATHS_MARITAL_STATUS(1.0.0),4: Deaths,1: Males,A15: 15-19,TOT: All marital statuses,AUS: Australia,A: Annual,2011,310,NUM: Number,,
ABS:DEATHS_MARITAL_STATUS(1.0.0),4: Deaths,1: Males,A15: 15-19,TOT: All marital statuses,AUS: Australia,A: Annual,2012,319,NUM: Number,,
ABS:DEATHS_MARITAL_STATUS(1.0.0),4: Deaths,1: Males,A15: 15-19,TOT: All marital statuses,AUS: Australia,A: Annual,2013,310,NUM: Number,,
ABS:DEATHS_MARITAL_STATUS(1.0.0),4: Deaths,1: Males,A15: 15-19,TOT: All marital statuses,AUS: Australia,A: Annual,2014,256,NUM: Number,,
ABS:DEATHS_MARITAL_STATUS(1.0.0),4: Deaths,1: Males,A15: 15-19,TOT: All marital statuses,AUS: Australia,A: Annual,2015,311,NUM: Number,,
ABS:DEATHS_MARITAL_STATUS(1.0.0),4: Deaths,1: Males,A15: 15-19,TOT: All marital statuses,AUS: Australia,A: Annual,2016,283,NUM: Number,,
ABS:DEATHS_MARITAL_STATUS(1.0.0),4: Deaths,1: Males,A15: 15-19,TOT: All marital statuses,AUS: Australia,A: Annual,2017,291,NUM: Number,,
ABS:DEATHS_MARITAL_STATUS(1.0.0),4: Deaths,1: Males,A15: 15-19,TOT: All marital statuses,AUS: Australia,A: Annual,2018,304,NUM: Number,,
ABS:DEATHS_MARITAL_STATUS(1.0.0),4: Deaths,1: Males,A15: 15-19,TOT: All marital statuses,AUS: Australia,A: Annual,2019,342,NUM: Number,,
ABS:DEATHS_MARITAL_STATUS(1.0.0),4: Deaths,1: Males,A15: 15-19,TOT: All marital statuses,AUS: Australia,A: Annual,2020,329,NUM: Number,,
ABS:DEATHS_MARITAL_STATUS(1.0.0),4: Deaths,1: Males,A80: 80-84,TOT: All marital statuses,AUS: Australia,A: Annual,2009,12624,NUM: Number,,
ABS:DEATHS_MARITAL_STATUS(1.0.0),4: Deaths,1: Males,A80: 80-84,TOT: All marital statuses,AUS: Australia,A: Annual,2010,12784,NUM: Number,,
ABS:DEATHS_MARITAL_STATUS(1.0.0),4: Deaths,1: Males,A80: 80-84,TOT: All marital statuses,AUS: Australia,A: Annual,2011,12946,NUM: Number,,
ABS:DEATHS_MARITAL_STATUS(1.0.0),4: Deaths,1: Males,A80: 80-84,TOT: All marital statuses,AUS: Australia,A: Annual,2012,12619,NUM: Number,,
ABS:DEATHS_MARITAL_STATUS(1.0.0),4: Deaths,1: Males,A80: 80-84,TOT: All marital statuses,AUS: Australia,A: Annual,2013,12292,NUM: Number,,
ABS:DEATHS_MARITAL_STATUS(1.0.0),4: Deaths,1: Males,A80: 80-84,TOT: All marital statuses,AUS: Australia,A: Annual,2014,12384,NUM: Number,,
ABS:DEATHS_MARITAL_STATUS(1.0.0),4: Deaths,1: Males,A80: 80-84,TOT: All marital statuses,AUS: Australia,A: Annual,2015,12399,NUM: Number,,
ABS:DEATHS_MARITAL_STATUS(1.0.0),4: Deaths,1: Males,A80: 80-84,TOT: All marital statuses,AUS: Australia,A: Annual,2016,12513,NUM: Number,,
ABS:DEATHS_MARITAL_STATUS(1.0.0),4: Deaths,1: Males,A80: 80-84,TOT: All marital statuses,AUS: Australia,A: Annual,2017,12340,NUM: Number,,
ABS:DEATHS_MARITAL_STATUS(1.0.0),4: Deaths,1: Males,A80: 80-84,TOT: All marital statuses,AUS: Australia,A: Annual,2018,12330,NUM: Number,,
ABS:DEATHS_MARITAL_STATUS(1.0.0),4: Deaths,1: Males,A80: 80-84,TOT: All marital statuses,AUS: Australia,A: Annual,2019,13151,NUM: Number,,
ABS:DEATHS_MARITAL_STATUS(1.0.0),4: Deaths,1: Males,A80: 80-84,TOT: All marital statuses,AUS: Australia,A: Annual,2020,12692,NUM: Number,,
ABS:DEATHS_MARITAL_STATUS(1.0.0),4: Deaths,1: Males,A20: 20-24,TOT: All marital statuses,AUS: Australia,A: Annual,2009,529,NUM: Number,,
ABS:DEATHS_MARITAL_STATUS(1.0.0),4: Deaths,1: Males,A20: 20-24,TOT: All marital statuses,AUS: Australia,A: Annual,2010,526,NUM: Number,,
ABS:DEATHS_MARITAL_STATUS(1.0.0),4: Deaths,1: Males,A20: 20-24,TOT: All marital statuses,AUS: Australia,A: Annual,2011,521,NUM: Number,,
ABS:DEATHS_MARITAL_STATUS(1.0.0),4: Deaths,1: Males,A20: 20-24,TOT: All marital statuses,AUS: Australia,A: Annual,2012,501,NUM: Number,,
ABS:DEATHS_MARITAL_STATUS(1.0.0),4: Deaths,1: Males,A20: 20-24,TOT: All marital statuses,AUS: Australia,A: Annual,2013,478,NUM: Number,,
ABS:DEATHS_MARITAL_STATUS(1.0.0),4: Deaths,1: Males,A20: 20-24,TOT: All marital statuses,AUS: Australia,A: Annual,2014,498,NUM: Number,,
ABS:DEATHS_MARITAL_STATUS(1.0.0),4: Deaths,1: Males,A20: 20-24,TOT: All marital statuses,AUS: Australia,A: Annual,2015,506,NUM: Number,,
ABS:DEATHS_MARITAL_STATUS(1.0.0),4: Deaths,1: Males,A20: 20-24,TOT: All marital statuses,AUS: Australia,A: Annual,2016,531,NUM: Number,,
ABS:DEATHS_MARITAL_STATUS(1.0.0),4: Deaths,1: Males,A20: 20-24,TOT: All marital statuses,AUS: Australia,A: Annual,2017,506,NUM: Number,,
ABS:DEATHS_MARITAL_STATUS(1.0.0),4: Deaths,1: Males,A20: 20-24,TOT: All marital statuses,AUS: Australia,A: Annual,2018,510,NUM: Number,,
ABS:DEATHS_MARITAL_STATUS(1.0.0),4: Deaths,1: Males,A20: 20-24,TOT: All marital statuses,AUS: Australia,A: Annual,2019,604,NUM: Number,,
ABS:DEATHS_MARITAL_STATUS(1.0.0),4: Deaths,1: Males,A20: 20-24,TOT: All marital statuses,AUS: Australia,A: Annual,2020,549,NUM: Number,,
ABS:DEATHS_MARITAL_STATUS(1.0.0),4: Deaths,2: Females,A35: 35-39,TOT: All marital statuses,AUS: Australia,A: Annual,2009,526,NUM: Number,,
ABS:DEATHS_MARITAL_STATUS(1.0.0),4: Deaths,2: Females,A35: 35-39,TOT: All marital statuses,AUS: Australia,A: Annual,2010,494,NUM: Number,,
ABS:DEATHS_MARITAL_STATUS(1.0.0),4: Deaths,2: Females,A35: 35-39,TOT: All marital statuses,AUS: Australia,A: Annual,2011,508,NUM: Number,,
ABS:DEATHS_MARITAL_STATUS(1.0.0),4: Deaths,2: Females,A35: 35-39,TOT: All marital statuses,AUS: Australia,A: Annual,2012,454,NUM: Number,,
ABS:DEATHS_MARITAL_STATUS(1.0.0),4: Deaths,2: Females,A35: 35-39,TOT: All marital statuses,AUS: Australia,A: Annual,2013,452,NUM: Number,,
ABS:DEATHS_MARITAL_STATUS(1.0.0),4: Deaths,2: Females,A35: 35-39,TOT: All marital statuses,AUS: Australia,A: Annual,2014,471,NUM: Number,,
ABS:DEATHS_MARITAL_STATUS(1.0.0),4: Deaths,2: Females,A35: 35-39,TOT: All marital statuses,AUS: Australia,A: Annual,2015,516,NUM: Number,,
ABS:DEATHS_MARITAL_STATUS(1.0.0),4: Deaths,2: Females,A35: 35-39,TOT: All marital statuses,AUS: Australia,A: Annual,2016,477,NUM: Number,,
ABS:DEATHS_MARITAL_STATUS(1.0.0),4: Deaths,2: Females,A35: 35-39,TOT: All marital statuses,AUS: Australia,A: Annual,2017,476,NUM: Number,,
ABS:DEATHS_MARITAL_STATUS(1.0.0),4: Deaths,2: Females,A35: 35-39,TOT: All marital statuses,AUS: Australia,A: Annual,2018,493,NUM: Number,,
ABS:DEATHS_MARITAL_STATUS(1.0.0),4: Deaths,2: Females,A35: 35-39,TOT: All marital statuses,AUS: Australia,A: Annual,2019,523,NUM: Number,,
ABS:DEATHS_MARITAL_STATUS(1.0.0),4: Deaths,2: Females,A35: 35-39,TOT: All marital statuses,AUS: Australia,A: Annual,2020,520,NUM: Number,,
ABS:DEATHS_MARITAL_STATUS(1.0.0),4: Deaths,2: Females,A40: 40-44,TOT: All marital statuses,AUS: Australia,A: Annual,2009,689,NUM: Number,,
ABS:DEATHS_MARITAL_STATUS(1.0.0),4: Deaths,2: Females,A40: 40-44,TOT: All marital statuses,AUS: Australia,A: Annual,2010,714,NUM: Number,,
ABS:DEATHS_MARITAL_STATUS(1.0.0),4: Deaths,2: Females,A40: 40-44,TOT: All marital statuses,AUS: Australia,A: Annual,2011,733,NUM: Number,,
ABS:DEATHS_MARITAL_STATUS(1.0.0),4: Deaths,2: Females,A40: 40-44,TOT: All marital statuses,AUS: Australia,A: Annual,2012,750,NUM: Number,,
ABS:DEATHS_MARITAL_STATUS(1.0.0),4: Deaths,2: Females,A40: 40-44,TOT: All marital statuses,AUS: Australia,A: Annual,2013,745,NUM: Number,,
ABS:DEATHS_MARITAL_STATUS(1.0.0),4: Deaths,2: Females,A40: 40-44,TOT: All marital statuses,AUS: Australia,A: Annual,2014,739,NUM: Number,,
ABS:DEATHS_MARITAL_STATUS(1.0.0),4: Deaths,2: Females,A40: 40-44,TOT: All marital statuses,AUS: Australia,A: Annual,2015,772,NUM: Number,,
ABS:DEATHS_MARITAL_STATUS(1.0.0),4: Deaths,2: Females,A40: 40-44,TOT: All marital statuses,AUS: Australia,A: Annual,2016,779,NUM: Number,,
ABS:DEATHS_MARITAL_STATUS(1.0.0),4: Deaths,2: Females,A40: 40-44,TOT: All marital statuses,AUS: Australia,A: Annual,2017,712,NUM: Number,,
ABS:DEATHS_MARITAL_STATUS(1.0.0),4: Deaths,2: Females,A40: 40-44,TOT: All marital statuses,AUS: Australia,A: Annual,2018,697,NUM: Number,,
ABS:DEATHS_MARITAL_STATUS(1.0.0),4: Deaths,2: Females,A40: 40-44,TOT: All marital statuses,AUS: Australia,A: Annual,2019,753,NUM: Number,,
ABS:DEATHS_MARITAL_STATUS(1.0.0),4: Deaths,2: Females,A40: 40-44,TOT: All marital statuses,AUS: Australia,A: Annual,2020,648,NUM: Number,,
ABS:DEATHS_MARITAL_STATUS(1.0.0),4: Deaths,2: Females,A99: 100+ years,TOT: All marital statuses,AUS: Australia,A: Annual,2009,928,NUM: Number,,
ABS:DEATHS_MARITAL_STATUS(1.0.0),4: Deaths,2: Females,A99: 100+ years,TOT: All marital statuses,AUS: Australia,A: Annual,2010,1049,NUM: Number,,
ABS:DEATHS_MARITAL_STATUS(1.0.0),4: Deaths,2: Females,A99: 100+ years,TOT: All marital statuses,AUS: Australia,A: Annual,2011,1125,NUM: Number,,
ABS:DEATHS_MARITAL_STATUS(1.0.0),4: Deaths,2: Females,A99: 100+ years,TOT: All marital statuses,AUS: Australia,A: Annual,2012,1128,NUM: Number,,
ABS:DEATHS_MARITAL_STATUS(1.0.0),4: Deaths,2: Females,A99: 100+ years,TOT: All marital statuses,AUS: Australia,A: Annual,2013,1130,NUM: Number,,
ABS:DEATHS_MARITAL_STATUS(1.0.0),4: Deaths,2: Females,A99: 100+ years,TOT: All marital statuses,AUS: Australia,A: Annual,2014,1361,NUM: Number,,
ABS:DEATHS_MARITAL_STATUS(1.0.0),4: Deaths,2: Females,A99: 100+ years,TOT: All marital statuses,AUS: Australia,A: Annual,2015,1396,NUM: Number,,
ABS:DEATHS_MARITAL_STATUS(1.0.0),4: Deaths,2: Females,A99: 100+ years,TOT: All marital statuses,AUS: Australia,A: Annual,2016,1429,NUM: Number,,
ABS:DEATHS_MARITAL_STATUS(1.0.0),4: Deaths,2: Females,A99: 100+ years,TOT: All marital statuses,AUS: Australia,A: Annual,2017,1577,NUM: Number,,
ABS:DEATHS_MARITAL_STATUS(1.0.0),4: Deaths,2: Females,A99: 100+ years,TOT: All marital statuses,AUS: Australia,A: Annual,2018,1425,NUM: Number,,
ABS:DEATHS_MARITAL_STATUS(1.0.0),4: Deaths,2: Females,A99: 100+ years,TOT: All marital statuses,AUS: Australia,A: Annual,2019,1533,NUM: Number,,
ABS:DEATHS_MARITAL_STATUS(1.0.0),4: Deaths,2: Females,A99: 100+ years,TOT: All marital statuses,AUS: Australia,A: Annual,2020,1530,NUM: Number,,
ABS:DEATHS_MARITAL_STATUS(1.0.0),4: Deaths,1: Males,A95: 95-99,TOT: All marital statuses,AUS: Australia,A: Annual,2009,1638,NUM: Number,,
ABS:DEATHS_MARITAL_STATUS(1.0.0),4: Deaths,1: Males,A95: 95-99,TOT: All marital statuses,AUS: Australia,A: Annual,2010,1820,NUM: Number,,
ABS:DEATHS_MARITAL_STATUS(1.0.0),4: Deaths,1: Males,A95: 95-99,TOT: All marital statuses,AUS: Australia,A: Annual,2011,1986,NUM: Number,,
ABS:DEATHS_MARITAL_STATUS(1.0.0),4: Deaths,1: Males,A95: 95-99,TOT: All marital statuses,AUS: Australia,A: Annual,2012,2104,NUM: Number,,
ABS:DEATHS_MARITAL_STATUS(1.0.0),4: Deaths,1: Males,A95: 95-99,TOT: All marital statuses,AUS: Australia,A: Annual,2013,2003,NUM: Number,,
ABS:DEATHS_MARITAL_STATUS(1.0.0),4: Deaths,1: Males,A95: 95-99,TOT: All marital statuses,AUS: Australia,A: Annual,2014,2125,NUM: Number,,
ABS:DEATHS_MARITAL_STATUS(1.0.0),4: Deaths,1: Males,A95: 95-99,TOT: All marital statuses,AUS: Australia,A: Annual,2015,2477,NUM: Number,,
ABS:DEATHS_MARITAL_STATUS(1.0.0),4: Deaths,1: Males,A95: 95-99,TOT: All marital statuses,AUS: Australia,A: Annual,2016,2678,NUM: Number,,
ABS:DEATHS_MARITAL_STATUS(1.0.0),4: Deaths,1: Males,A95: 95-99,TOT: All marital statuses,AUS: Australia,A: Annual,2017,2920,NUM: Number,,
ABS:DEATHS_MARITAL_STATUS(1.0.0),4: Deaths,1: Males,A95: 95-99,TOT: All marital statuses,AUS: Australia,A: Annual,2018,2947,NUM: Number,,
ABS:DEATHS_MARITAL_STATUS(1.0.0),4: Deaths,1: Males,A95: 95-99,TOT: All marital statuses,AUS: Australia,A: Annual,2019,3514,NUM: Number,,
ABS:DEATHS_MARITAL_STATUS(1.0.0),4: Deaths,1: Males,A95: 95-99,TOT: All marital statuses,AUS: Australia,A: Annual,2020,3446,NUM: Number,,
ABS:DEATHS_MARITAL_STATUS(1.0.0),4: Deaths,2: Females,A50: 50-54,TOT: All marital statuses,AUS: Australia,A: Annual,2009,1634,NUM: Number,,
ABS:DEATHS_MARITAL_STATUS(1.0.0),4: Deaths,2: Females,A50: 50-54,TOT: All marital statuses,AUS: Australia,A: Annual,2010,1580,NUM: Number,,
ABS:DEATHS_MARITAL_STATUS(1.0.0),4: Deaths,2: Females,A50: 50-54,TOT: All marital statuses,AUS: Australia,A: Annual,2011,1620,NUM: Number,,
ABS:DEATHS_MARITAL_STATUS(1.0.0),4: Deaths,2: Females,A50: 50-54,TOT: All marital statuses,AUS: Australia,A: Annual,2012,1569,NUM: Number,,
ABS:DEATHS_MARITAL_STATUS(1.0.0),4: Deaths,2: Females,A50: 50-54,TOT: All marital statuses,AUS: Australia,A: Annual,2013,1588,NUM: Number,,
ABS:DEATHS_MARITAL_STATUS(1.0.0),4: Deaths,2: Females,A50: 50-54,TOT: All marital statuses,AUS: Australia,A: Annual,2014,1652,NUM: Number,,
ABS:DEATHS_MARITAL_STATUS(1.0.0),4: Deaths,2: Females,A50: 50-54,TOT: All marital statuses,AUS: Australia,A: Annual,2015,1690,NUM: Number,,
ABS:DEATHS_MARITAL_STATUS(1.0.0),4: Deaths,2: Females,A50: 50-54,TOT: All marital statuses,AUS: Australia,A: Annual,2016,1613,NUM: Number,,
ABS:DEATHS_MARITAL_STATUS(1.0.0),4: Deaths,2: Females,A50: 50-54,TOT: All marital statuses,AUS: Australia,A: Annual,2017,1610,NUM: Number,,
ABS:DEATHS_MARITAL_STATUS(1.0.0),4: Deaths,2: Females,A50: 50-54,TOT: All marital statuses,AUS: Australia,A: Annual,2018,1588,NUM: Number,,
ABS:DEATHS_MARITAL_STATUS(1.0.0),4: Deaths,2: Females,A50: 50-54,TOT: All marital statuses,AUS: Australia,A: Annual,2019,1543,NUM: Number,,
ABS:DEATHS_MARITAL_STATUS(1.0.0),4: Deaths,2: Females,A50: 50-54,TOT: All marital statuses,AUS: Australia,A: Annual,2020,1531,NUM: Number,,
ABS:DEATHS_MARITAL_STATUS(1.0.0),4: Deaths,1: Males,A10: 10-14,TOT: All marital statuses,AUS: Australia,A: Annual,2009,84,NUM: Number,,
ABS:DEATHS_MARITAL_STATUS(1.0.0),4: Deaths,1: Males,A10: 10-14,TOT: All marital statuses,AUS: Australia,A: Annual,2010,87,NUM: Number,,
ABS:DEATHS_MARITAL_STATUS(1.0.0),4: Deaths,1: Males,A10: 10-14,TOT: All marital statuses,AUS: Australia,A: Annual,2011,73,NUM: Number,,
ABS:DEATHS_MARITAL_STATUS(1.0.0),4: Deaths,1: Males,A10: 10-14,TOT: All marital statuses,AUS: Australia,A: Annual,2012,78,NUM: Number,,
ABS:DEATHS_MARITAL_STATUS(1.0.0),4: Deaths,1: Males,A10: 10-14,TOT: All marital statuses,AUS: Australia,A: Annual,2013,81,NUM: Number,,
ABS:DEATHS_MARITAL_STATUS(1.0.0),4: Deaths,1: Males,A10: 10-14,TOT: All marital statuses,AUS: Australia,A: Annual,2014,66,NUM: Number,,
ABS:DEATHS_MARITAL_STATUS(1.0.0),4: Deaths,1: Males,A10: 10-14,TOT: All marital statuses,AUS: Australia,A: Annual,2015,80,NUM: Number,,
ABS:DEATHS_MARITAL_STATUS(1.0.0),4: Deaths,1: Males,A10: 10-14,TOT: All marital statuses,AUS: Australia,A: Annual,2016,80,NUM: Number,,
ABS:DEATHS_MARITAL_STATUS(1.0.0),4: Deaths,1: Males,A10: 10-14,TOT: All marital statuses,AUS: Australia,A: Annual,2017,87,NUM: Number,,
ABS:DEATHS_MARITAL_STATUS(1.0.0),4: Deaths,1: Males,A10: 10-14,TOT: All marital statuses,AUS: Australia,A: Annual,2018,80,NUM: Number,,
ABS:DEATHS_MARITAL_STATUS(1.0.0),4: Deaths,1: Males,A10: 10-14,TOT: All marital statuses,AUS: Australia,A: Annual,2019,77,NUM: Number,,
ABS:DEATHS_MARITAL_STATUS(1.0.0),4: Deaths,1: Males,A10: 10-14,TOT: All marital statuses,AUS: Australia,A: Annual,2020,78,NUM: Number,,
ABS:DEATHS_MARITAL_STATUS(1.0.0),4: Deaths,2: Females,A04: 0-4,TOT: All marital statuses,AUS: Australia,A: Annual,2009,632,NUM: Number,,
ABS:DEATHS_MARITAL_STATUS(1.0.0),4: Deaths,2: Females,A04: 0-4,TOT: All marital statuses,AUS: Australia,A: Annual,2010,589,NUM: Number,,
ABS:DEATHS_MARITAL_STATUS(1.0.0),4: Deaths,2: Females,A04: 0-4,TOT: All marital statuses,AUS: Australia,A: Annual,2011,595,NUM: Number,,
ABS:DEATHS_MARITAL_STATUS(1.0.0),4: Deaths,2: Females,A04: 0-4,TOT: All marital statuses,AUS: Australia,A: Annual,2012,553,NUM: Number,,
ABS:DEATHS_MARITAL_STATUS(1.0.0),4: Deaths,2: Females,A04: 0-4,TOT: All marital statuses,AUS: Australia,A: Annual,2013,601,NUM: Number,,
ABS:DEATHS_MARITAL_STATUS(1.0.0),4: Deaths,2: Females,A04: 0-4,TOT: All marital statuses,AUS: Australia,A: Annual,2014,555,NUM: Number,,
ABS:DEATHS_MARITAL_STATUS(1.0.0),4: Deaths,2: Females,A04: 0-4,TOT: All marital statuses,AUS: Australia,A: Annual,2015,539,NUM: Number,,
ABS:DEATHS_MARITAL_STATUS(1.0.0),4: Deaths,2: Females,A04: 0-4,TOT: All marital statuses,AUS: Australia,A: Annual,2016,507,NUM: Number,,
ABS:DEATHS_MARITAL_STATUS(1.0.0),4: Deaths,2: Females,A04: 0-4,TOT: All marital statuses,AUS: Australia,A: Annual,2017,544,NUM: Number,,
ABS:DEATHS_MARITAL_STATUS(1.0.0),4: Deaths,2: Females,A04: 0-4,TOT: All marital statuses,AUS: Australia,A: Annual,2018,486,NUM: Number,,
ABS:DEATHS_MARITAL_STATUS(1.0.0),4: Deaths,2: Females,A04: 0-4,TOT: All marital statuses,AUS: Australia,A: Annual,2019,510,NUM: Number,,
ABS:DEATHS_MARITAL_STATUS(1.0.0),4: Deaths,2: Females,A04: 0-4,TOT: All marital statuses,AUS: Australia,A: Annual,2020,507,NUM: Number,,
ABS:DEATHS_MARITAL_STATUS(1.0.0),4: Deaths,2: Females,A45: 45-49,TOT: All marital statuses,AUS: Australia,A: Annual,2009,1202,NUM: Number,,
ABS:DEATHS_MARITAL_STATUS(1.0.0),4: Deaths,2: Females,A45: 45-49,TOT: All marital statuses,AUS: Australia,A: Annual,2010,1107,NUM: Number,,
ABS:DEATHS_MARITAL_STATUS(1.0.0),4: Deaths,2: Females,A45: 45-49,TOT: All marital statuses,AUS: Australia,A: Annual,2011,1113,NUM: Number,,
ABS:DEATHS_MARITAL_STATUS(1.0.0),4: Deaths,2: Females,A45: 45-49,TOT: All marital statuses,AUS: Australia,A: Annual,2012,1024,NUM: Number,,
ABS:DEATHS_MARITAL_STATUS(1.0.0),4: Deaths,2: Females,A45: 45-49,TOT: All marital statuses,AUS: Australia,A: Annual,2013,1076,NUM: Number,,
ABS:DEATHS_MARITAL_STATUS(1.0.0),4: Deaths,2: Females,A45: 45-49,TOT: All marital statuses,AUS: Australia,A: Annual,2014,1093,NUM: Number,,
ABS:DEATHS_MARITAL_STATUS(1.0.0),4: Deaths,2: Females,A45: 45-49,TOT: All marital statuses,AUS: Australia,A: Annual,2015,1121,NUM: Number,,
ABS:DEATHS_MARITAL_STATUS(1.0.0),4: Deaths,2: Females,A45: 45-49,TOT: All marital statuses,AUS: Australia,A: Annual,2016,1109,NUM: Number,,
ABS:DEATHS_MARITAL_STATUS(1.0.0),4: Deaths,2: Females,A45: 45-49,TOT: All marital statuses,AUS: Australia,A: Annual,2017,1124,NUM: Number,,
ABS:DEATHS_MARITAL_STATUS(1.0.0),4: Deaths,2: Females,A45: 45-49,TOT: All marital statuses,AUS: Australia,A: Annual,2018,1101,NUM: Number,,
ABS:DEATHS_MARITAL_STATUS(1.0.0),4: Deaths,2: Females,A45: 45-49,TOT: All marital statuses,AUS: Australia,A: Annual,2019,1170,NUM: Number,,
ABS:DEATHS_MARITAL_STATUS(1.0.0),4: Deaths,2: Females,A45: 45-49,TOT: All marital statuses,AUS: Australia,A: Annual,2020,1089,NUM: Number,,
ABS:DEATHS_MARITAL_STATUS(1.0.0),4: Deaths,2: Females,A90: 90-94,TOT: All marital statuses,AUS: Australia,A: Annual,2009,10961,NUM: Number,,
ABS:DEATHS_MARITAL_STATUS(1.0.0),4: Deaths,2: Females,A90: 90-94,TOT: All marital statuses,AUS: Australia,A: Annual,2010,11450,NUM: Number,,
ABS:DEATHS_MARITAL_STATUS(1.0.0),4: Deaths,2: Females,A90: 90-94,TOT: All marital statuses,AUS: Australia,A: Annual,2011,12179,NUM: Number,,
ABS:DEATHS_MARITAL_STATUS(1.0.0),4: Deaths,2: Females,A90: 90-94,TOT: All marital statuses,AUS: Australia,A: Annual,2012,12946,NUM: Number,,
ABS:DEATHS_MARITAL_STATUS(1.0.0),4: Deaths,2: Females,A90: 90-94,TOT: All marital statuses,AUS: Australia,A: Annual,2013,12943,NUM: Number,,
ABS:DEATHS_MARITAL_STATUS(1.0.0),4: Deaths,2: Females,A90: 90-94,TOT: All marital statuses,AUS: Australia,A: Annual,2014,14277,NUM: Number,,
ABS:DEATHS_MARITAL_STATUS(1.0.0),4: Deaths,2: Females,A90: 90-94,TOT: All marital statuses,AUS: Australia,A: Annual,2015,15143,NUM: Number,,
ABS:DEATHS_MARITAL_STATUS(1.0.0),4: Deaths,2: Females,A90: 90-94,TOT: All marital statuses,AUS: Australia,A: Annual,2016,14974,NUM: Number,,
ABS:DEATHS_MARITAL_STATUS(1.0.0),4: Deaths,2: Females,A90: 90-94,TOT: All marital statuses,AUS: Australia,A: Annual,2017,15169,NUM: Number,,
ABS:DEATHS_MARITAL_STATUS(1.0.0),4: Deaths,2: Females,A90: 90-94,TOT: All marital statuses,AUS: Australia,A: Annual,2018,14733,NUM: Number,,
ABS:DEATHS_MARITAL_STATUS(1.0.0),4: Deaths,2: Females,A90: 90-94,TOT: All marital statuses,AUS: Australia,A: Annual,2019,15606,NUM: Number,,
ABS:DEATHS_MARITAL_STATUS(1.0.0),4: Deaths,2: Females,A90: 90-94,TOT: All marital statuses,AUS: Australia,A: Annual,2020,14556,NUM: Number,,
ABS:DEATHS_MARITAL_STATUS(1.0.0),4: Deaths,2: Females,A95: 95-99,TOT: All marital statuses,AUS: Australia,A: Annual,2009,4922,NUM: Number,,
ABS:DEATHS_MARITAL_STATUS(1.0.0),4: Deaths,2: Females,A95: 95-99,TOT: All marital statuses,AUS: Australia,A: Annual,2010,5283,NUM: Number,,
ABS:DEATHS_MARITAL_STATUS(1.0.0),4: Deaths,2: Females,A95: 95-99,TOT: All marital statuses,AUS: Australia,A: Annual,2011,5628,NUM: Number,,
ABS:DEATHS_MARITAL_STATUS(1.0.0),4: Deaths,2: Females,A95: 95-99,TOT: All marital statuses,AUS: Australia,A: Annual,2012,5637,NUM: Number,,
ABS:DEATHS_MARITAL_STATUS(1.0.0),4: Deaths,2: Females,A95: 95-99,TOT: All marital statuses,AUS: Australia,A: Annual,2013,5551,NUM: Number,,
ABS:DEATHS_MARITAL_STATUS(1.0.0),4: Deaths,2: Females,A95: 95-99,TOT: All marital statuses,AUS: Australia,A: Annual,2014,5899,NUM: Number,,
ABS:DEATHS_MARITAL_STATUS(1.0.0),4: Deaths,2: Females,A95: 95-99,TOT: All marital statuses,AUS: Australia,A: Annual,2015,6397,NUM: Number,,
ABS:DEATHS_MARITAL_STATUS(1.0.0),4: Deaths,2: Females,A95: 95-99,TOT: All marital statuses,AUS: Australia,A: Annual,2016,6554,NUM: Number,,
ABS:DEATHS_MARITAL_STATUS(1.0.0),4: Deaths,2: Females,A95: 95-99,TOT: All marital statuses,AUS: Australia,A: Annual,2017,7034,NUM: Number,,
ABS:DEATHS_MARITAL_STATUS(1.0.0),4: Deaths,2: Females,A95: 95-99,TOT: All marital statuses,AUS: Australia,A: Annual,2018,6992,NUM: Number,,
ABS:DEATHS_MARITAL_STATUS(1.0.0),4: Deaths,2: Females,A95: 95-99,TOT: All marital statuses,AUS: Australia,A: Annual,2019,7887,NUM: Number,,
ABS:DEATHS_MARITAL_STATUS(1.0.0),4: Deaths,2: Females,A95: 95-99,TOT: All marital statuses,AUS: Australia,A: Annual,2020,7608,NUM: Number,,
ABS:DEATHS_MARITAL_STATUS(1.0.0),4: Deaths,1: Males,A04: 0-4,TOT: All marital statuses,AUS: Australia,A: Annual,2009,859,NUM: Number,,
ABS:DEATHS_MARITAL_STATUS(1.0.0),4: Deaths,1: Males,A04: 0-4,TOT: All marital statuses,AUS: Australia,A: Annual,2010,866,NUM: Number,,
ABS:DEATHS_MARITAL_STATUS(1.0.0),4: Deaths,1: Males,A04: 0-4,TOT: All marital statuses,AUS: Australia,A: Annual,2011,747,NUM: Number,,
ABS:DEATHS_MARITAL_STATUS(1.0.0),4: Deaths,1: Males,A04: 0-4,TOT: All marital statuses,AUS: Australia,A: Annual,2012,681,NUM: Number,,
ABS:DEATHS_MARITAL_STATUS(1.0.0),4: Deaths,1: Males,A04: 0-4,TOT: All marital statuses,AUS: Australia,A: Annual,2013,709,NUM: Number,,
ABS:DEATHS_MARITAL_STATUS(1.0.0),4: Deaths,1: Males,A04: 0-4,TOT: All marital statuses,AUS: Australia,A: Annual,2014,636,NUM: Number,,
ABS:DEATHS_MARITAL_STATUS(1.0.0),4: Deaths,1: Males,A04: 0-4,TOT: All marital statuses,AUS: Australia,A: Annual,2015,662,NUM: Number,,
ABS:DEATHS_MARITAL_STATUS(1.0.0),4: Deaths,1: Males,A04: 0-4,TOT: All marital statuses,AUS: Australia,A: Annual,2016,654,NUM: Number,,
ABS:DEATHS_MARITAL_STATUS(1.0.0),4: Deaths,1: Males,A04: 0-4,TOT: All marital statuses,AUS: Australia,A: Annual,2017,665,NUM: Number,,
ABS:DEATHS_MARITAL_STATUS(1.0.0),4: Deaths,1: Males,A04: 0-4,TOT: All marital statuses,AUS: Australia,A: Annual,2018,660,NUM: Number,,
ABS:DEATHS_MARITAL_STATUS(1.0.0),4: Deaths,1: Males,A04: 0-4,TOT: All marital statuses,AUS: Australia,A: Annual,2019,682,NUM: Number,,
ABS:DEATHS_MARITAL_STATUS(1.0.0),4: Deaths,1: Males,A04: 0-4,TOT: All marital statuses,AUS: Australia,A: Annual,2020,597,NUM: Number,,
ABS:DEATHS_MARITAL_STATUS(1.0.0),4: Deaths,1: Males,A90: 90-94,TOT: All marital statuses,AUS: Australia,A: Annual,2009,5660,NUM: Number,,
ABS:DEATHS_MARITAL_STATUS(1.0.0),4: Deaths,1: Males,A90: 90-94,TOT: All marital statuses,AUS: Australia,A: Annual,2010,6153,NUM: Number,,
ABS:DEATHS_MARITAL_STATUS(1.0.0),4: Deaths,1: Males,A90: 90-94,TOT: All marital statuses,AUS: Australia,A: Annual,2011,6711,NUM: Number,,
ABS:DEATHS_MARITAL_STATUS(1.0.0),4: Deaths,1: Males,A90: 90-94,TOT: All marital statuses,AUS: Australia,A: Annual,2012,7113,NUM: Number,,
ABS:DEATHS_MARITAL_STATUS(1.0.0),4: Deaths,1: Males,A90: 90-94,TOT: All marital statuses,AUS: Australia,A: Annual,2013,7421,NUM: Number,,
ABS:DEATHS_MARITAL_STATUS(1.0.0),4: Deaths,1: Males,A90: 90-94,TOT: All marital statuses,AUS: Australia,A: Annual,2014,8104,NUM: Number,,
ABS:DEATHS_MARITAL_STATUS(1.0.0),4: Deaths,1: Males,A90: 90-94,TOT: All marital statuses,AUS: Australia,A: Annual,2015,8670,NUM: Number,,
ABS:DEATHS_MARITAL_STATUS(1.0.0),4: Deaths,1: Males,A90: 90-94,TOT: All marital statuses,AUS: Australia,A: Annual,2016,9000,NUM: Number,,
ABS:DEATHS_MARITAL_STATUS(1.0.0),4: Deaths,1: Males,A90: 90-94,TOT: All marital statuses,AUS: Australia,A: Annual,2017,9514,NUM: Number,,
ABS:DEATHS_MARITAL_STATUS(1.0.0),4: Deaths,1: Males,A90: 90-94,TOT: All marital statuses,AUS: Australia,A: Annual,2018,9532,NUM: Number,,
ABS:DEATHS_MARITAL_STATUS(1.0.0),4: Deaths,1: Males,A90: 90-94,TOT: All marital statuses,AUS: Australia,A: Annual,2019,10372,NUM: Number,,
ABS:DEATHS_MARITAL_STATUS(1.0.0),4: Deaths,1: Males,A90: 90-94,TOT: All marital statuses,AUS: Australia,A: Annual,2020,10065,NUM: Number,,
ABS:DEATHS_MARITAL_STATUS(1.0.0),4: Deaths,1: Males,A99: 100+ years,TOT: All marital statuses,AUS: Australia,A: Annual,2009,192,NUM: Number,,
ABS:DEATHS_MARITAL_STATUS(1.0.0),4: Deaths,1: Males,A99: 100+ years,TOT: All marital statuses,AUS: Australia,A: Annual,2010,215,NUM: Number,,
ABS:DEATHS_MARITAL_STATUS(1.0.0),4: Deaths,1: Males,A99: 100+ years,TOT: All marital statuses,AUS: Australia,A: Annual,2011,235,NUM: Number,,
ABS:DEATHS_MARITAL_STATUS(1.0.0),4: Deaths,1: Males,A99: 100+ years,TOT: All marital statuses,AUS: Australia,A: Annual,2012,241,NUM: Number,,
ABS:DEATHS_MARITAL_STATUS(1.0.0),4: Deaths,1: Males,A99: 100+ years,TOT: All marital statuses,AUS: Australia,A: Annual,2013,254,NUM: Number,,
ABS:DEATHS_MARITAL_STATUS(1.0.0),4: Deaths,1: Males,A99: 100+ years,TOT: All marital statuses,AUS: Australia,A: Annual,2014,305,NUM: Number,,
ABS:DEATHS_MARITAL_STATUS(1.0.0),4: Deaths,1: Males,A99: 100+ years,TOT: All marital statuses,AUS: Australia,A: Annual,2015,340,NUM: Number,,
ABS:DEATHS_MARITAL_STATUS(1.0.0),4: Deaths,1: Males,A99: 100+ years,TOT: All marital statuses,AUS: Australia,A: Annual,2016,387,NUM: Number,,
ABS:DEATHS_MARITAL_STATUS(1.0.0),4: Deaths,1: Males,A99: 100+ years,TOT: All marital statuses,AUS: Australia,A: Annual,2017,381,NUM: Number,,
ABS:DEATHS_MARITAL_STATUS(1.0.0),4: Deaths,1: Males,A99: 100+ years,TOT: All marital statuses,AUS: Australia,A: Annual,2018,372,NUM: Number,,
ABS:DEATHS_MARITAL_STATUS(1.0.0),4: Deaths,1: Males,A99: 100+ years,TOT: All marital statuses,AUS: Australia,A: Annual,2019,364,NUM: Number,,
ABS:DEATHS_MARITAL_STATUS(1.0.0),4: Deaths,1: Males,A99: 100+ years,TOT: All marital statuses,AUS: Australia,A: Annual,2020,420,NUM: Number,,
ABS:DEATHS_MARITAL_STATUS(1.0.0),4: Deaths,1: Males,A59: 5-9,TOT: All marital statuses,AUS: Australia,A: Annual,2009,78,NUM: Number,,
ABS:DEATHS_MARITAL_STATUS(1.0.0),4: Deaths,1: Males,A59: 5-9,TOT: All marital statuses,AUS: Australia,A: Annual,2010,83,NUM: Number,,
ABS:DEATHS_MARITAL_STATUS(1.0.0),4: Deaths,1: Males,A59: 5-9,TOT: All marital statuses,AUS: Australia,A: Annual,2011,83,NUM: Number,,
ABS:DEATHS_MARITAL_STATUS(1.0.0),4: Deaths,1: Males,A59: 5-9,TOT: All marital statuses,AUS: Australia,A: Annual,2012,69,NUM: Number,,
ABS:DEATHS_MARITAL_STATUS(1.0.0),4: Deaths,1: Males,A59: 5-9,TOT: All marital statuses,AUS: Australia,A: Annual,2013,77,NUM: Number,,
ABS:DEATHS_MARITAL_STATUS(1.0.0),4: Deaths,1: Males,A59: 5-9,TOT: All marital statuses,AUS: Australia,A: Annual,2014,69,NUM: Number,,
ABS:DEATHS_MARITAL_STATUS(1.0.0),4: Deaths,1: Males,A59: 5-9,TOT: All marital statuses,AUS: Australia,A: Annual,2015,75,NUM: Number,,
ABS:DEATHS_MARITAL_STATUS(1.0.0),4: Deaths,1: Males,A59: 5-9,TOT: All marital statuses,AUS: Australia,A: Annual,2016,69,NUM: Number,,
ABS:DEATHS_MARITAL_STATUS(1.0.0),4: Deaths,1: Males,A59: 5-9,TOT: All marital statuses,AUS: Australia,A: Annual,2017,66,NUM: Number,,
ABS:DEATHS_MARITAL_STATUS(1.0.0),4: Deaths,1: Males,A59: 5-9,TOT: All marital statuses,AUS: Australia,A: Annual,2018,51,NUM: Number,,
ABS:DEATHS_MARITAL_STATUS(1.0.0),4: Deaths,1: Males,A59: 5-9,TOT: All marital statuses,AUS: Australia,A: Annual,2019,72,NUM: Number,,
ABS:DEATHS_MARITAL_STATUS(1.0.0),4: Deaths,1: Males,A59: 5-9,TOT: All marital statuses,AUS: Australia,A: Annual,2020,55,NUM: Number,,
ABS:DEATHS_MARITAL_STATUS(1.0.0),4: Deaths,2: Females,A55: 55-59,TOT: All marital statuses,AUS: Australia,A: Annual,2009,2087,NUM: Number,,
ABS:DEATHS_MARITAL_STATUS(1.0.0),4: Deaths,2: Females,A55: 55-59,TOT: All marital statuses,AUS: Australia,A: Annual,2010,2065,NUM: Number,,
ABS:DEATHS_MARITAL_STATUS(1.0.0),4: Deaths,2: Females,A55: 55-59,TOT: All marital statuses,AUS: Australia,A: Annual,2011,2061,NUM: Number,,
ABS:DEATHS_MARITAL_STATUS(1.0.0),4: Deaths,2: Females,A55: 55-59,TOT: All marital statuses,AUS: Australia,A: Annual,2012,2093,NUM: Number,,
ABS:DEATHS_MARITAL_STATUS(1.0.0),4: Deaths,2: Females,A55: 55-59,TOT: All marital statuses,AUS: Australia,A: Annual,2013,2161,NUM: Number,,
ABS:DEATHS_MARITAL_STATUS(1.0.0),4: Deaths,2: Females,A55: 55-59,TOT: All marital statuses,AUS: Australia,A: Annual,2014,2230,NUM: Number,,
ABS:DEATHS_MARITAL_STATUS(1.0.0),4: Deaths,2: Females,A55: 55-59,TOT: All marital statuses,AUS: Australia,A: Annual,2015,2266,NUM: Number,,
ABS:DEATHS_MARITAL_STATUS(1.0.0),4: Deaths,2: Females,A55: 55-59,TOT: All marital statuses,AUS: Australia,A: Annual,2016,2288,NUM: Number,,
ABS:DEATHS_MARITAL_STATUS(1.0.0),4: Deaths,2: Females,A55: 55-59,TOT: All marital statuses,AUS: Australia,A: Annual,2017,2262,NUM: Number,,
ABS:DEATHS_MARITAL_STATUS(1.0.0),4: Deaths,2: Females,A55: 55-59,TOT: All marital statuses,AUS: Australia,A: Annual,2018,2332,NUM: Number,,
ABS:DEATHS_MARITAL_STATUS(1.0.0),4: Deaths,2: Females,A55: 55-59,TOT: All marital statuses,AUS: Australia,A: Annual,2019,2412,NUM: Number,,
ABS:DEATHS_MARITAL_STATUS(1.0.0),4: Deaths,2: Females,A55: 55-59,TOT: All marital statuses,AUS: Australia,A: Annual,2020,2217,NUM: Number,,
ABS:DEATHS_MARITAL_STATUS(1.0.0),4: Deaths,2: Females,A85: 85-89,TOT: All marital statuses,AUS: Australia,A: Annual,2009,14383,NUM: Number,,
ABS:DEATHS_MARITAL_STATUS(1.0.0),4: Deaths,2: Females,A85: 85-89,TOT: All marital statuses,AUS: Australia,A: Annual,2010,15064,NUM: Number,,
ABS:DEATHS_MARITAL_STATUS(1.0.0),4: Deaths,2: Females,A85: 85-89,TOT: All marital statuses,AUS: Australia,A: Annual,2011,15450,NUM: Number,,
ABS:DEATHS_MARITAL_STATUS(1.0.0),4: Deaths,2: Females,A85: 85-89,TOT: All marital statuses,AUS: Australia,A: Annual,2012,15430,NUM: Number,,
ABS:DEATHS_MARITAL_STATUS(1.0.0),4: Deaths,2: Females,A85: 85-89,TOT: All marital statuses,AUS: Australia,A: Annual,2013,15245,NUM: Number,,
ABS:DEATHS_MARITAL_STATUS(1.0.0),4: Deaths,2: Females,A85: 85-89,TOT: All marital statuses,AUS: Australia,A: Annual,2014,15500,NUM: Number,,
ABS:DEATHS_MARITAL_STATUS(1.0.0),4: Deaths,2: Females,A85: 85-89,TOT: All marital statuses,AUS: Australia,A: Annual,2015,15890,NUM: Number,,
ABS:DEATHS_MARITAL_STATUS(1.0.0),4: Deaths,2: Females,A85: 85-89,TOT: All marital statuses,AUS: Australia,A: Annual,2016,15288,NUM: Number,,
ABS:DEATHS_MARITAL_STATUS(1.0.0),4: Deaths,2: Females,A85: 85-89,TOT: All marital statuses,AUS: Australia,A: Annual,2017,15305,NUM: Number,,
ABS:DEATHS_MARITAL_STATUS(1.0.0),4: Deaths,2: Females,A85: 85-89,TOT: All marital statuses,AUS: Australia,A: Annual,2018,14403,NUM: Number,,
ABS:DEATHS_MARITAL_STATUS(1.0.0),4: Deaths,2: Females,A85: 85-89,TOT: All marital statuses,AUS: Australia,A: Annual,2019,14927,NUM: Number,,
ABS:DEATHS_MARITAL_STATUS(1.0.0),4: Deaths,2: Females,A85: 85-89,TOT: All marital statuses,AUS: Australia,A: Annual,2020,13777,NUM: Number,,
ABS:DEATHS_MARITAL_STATUS(1.0.0),4: Deaths,1: Males,A40: 40-44,TOT: All marital statuses,AUS: Australia,A: Annual,2009,1258,NUM: Number,,
ABS:DEATHS_MARITAL_STATUS(1.0.0),4: Deaths,1: Males,A40: 40-44,TOT: All marital statuses,AUS: Australia,A: Annual,2010,1229,NUM: Number,,
ABS:DEATHS_MARITAL_STATUS(1.0.0),4: Deaths,1: Males,A40: 40-44,TOT: All marital statuses,AUS: Australia,A: Annual,2011,1163,NUM: Number,,
ABS:DEATHS_MARITAL_STATUS(1.0.0),4: Deaths,1: Males,A40: 40-44,TOT: All marital statuses,AUS: Australia,A: Annual,2012,1226,NUM: Number,,
ABS:DEATHS_MARITAL_STATUS(1.0.0),4: Deaths,1: Males,A40: 40-44,TOT: All marital statuses,AUS: Australia,A: Annual,2013,1209,NUM: Number,,
ABS:DEATHS_MARITAL_STATUS(1.0.0),4: Deaths,1: Males,A40: 40-44,TOT: All marital statuses,AUS: Australia,A: Annual,2014,1353,NUM: Number,,
ABS:DEATHS_MARITAL_STATUS(1.0.0),4: Deaths,1: Males,A40: 40-44,TOT: All marital statuses,AUS: Australia,A: Annual,2015,1366,NUM: Number,,
ABS:DEATHS_MARITAL_STATUS(1.0.0),4: Deaths,1: Males,A40: 40-44,TOT: All marital statuses,AUS: Australia,A: Annual,2016,1291,NUM: Number,,
ABS:DEATHS_MARITAL_STATUS(1.0.0),4: Deaths,1: Males,A40: 40-44,TOT: All marital statuses,AUS: Australia,A: Annual,2017,1246,NUM: Number,,
ABS:DEATHS_MARITAL_STATUS(1.0.0),4: Deaths,1: Males,A40: 40-44,TOT: All marital statuses,AUS: Australia,A: Annual,2018,1125,NUM: Number,,
ABS:DEATHS_MARITAL_STATUS(1.0.0),4: Deaths,1: Males,A40: 40-44,TOT: All marital statuses,AUS: Australia,A: Annual,2019,1309,NUM: Number,,
ABS:DEATHS_MARITAL_STATUS(1.0.0),4: Deaths,1: Males,A40: 40-44,TOT: All marital statuses,AUS: Australia,A: Annual,2020,1164,NUM: Number,,
ABS:DEATHS_MARITAL_STATUS(1.0.0),4: Deaths,2: Females,A15: 15-19,TOT: All marital statuses,AUS: Australia,A: Annual,2009,157,NUM: Number,,
ABS:DEATHS_MARITAL_STATUS(1.0.0),4: Deaths,2: Females,A15: 15-19,TOT: All marital statuses,AUS: Australia,A: Annual,2010,151,NUM: Number,,
ABS:DEATHS_MARITAL_STATUS(1.0.0),4: Deaths,2: Females,A15: 15-19,TOT: All marital statuses,AUS: Australia,A: Annual,2011,167,NUM: Number,,
ABS:DEATHS_MARITAL_STATUS(1.0.0),4: Deaths,2: Females,A15: 15-19,TOT: All marital statuses,AUS: Australia,A: Annual,2012,181,NUM: Number,,
ABS:DEATHS_MARITAL_STATUS(1.0.0),4: Deaths,2: Females,A15: 15-19,TOT: All marital statuses,AUS: Australia,A: Annual,2013,153,NUM: Number,,
ABS:DEATHS_MARITAL_STATUS(1.0.0),4: Deaths,2: Females,A15: 15-19,TOT: All marital statuses,AUS: Australia,A: Annual,2014,140,NUM: Number,,
ABS:DEATHS_MARITAL_STATUS(1.0.0),4: Deaths,2: Females,A15: 15-19,TOT: All marital statuses,AUS: Australia,A: Annual,2015,165,NUM: Number,,
ABS:DEATHS_MARITAL_STATUS(1.0.0),4: Deaths,2: Females,A15: 15-19,TOT: All marital statuses,AUS: Australia,A: Annual,2016,127,NUM: Number,,
ABS:DEATHS_MARITAL_STATUS(1.0.0),4: Deaths,2: Females,A15: 15-19,TOT: All marital statuses,AUS: Australia,A: Annual,2017,152,NUM: Number,,
ABS:DEATHS_MARITAL_STATUS(1.0.0),4: Deaths,2: Females,A15: 15-19,TOT: All marital statuses,AUS: Australia,A: Annual,2018,153,NUM: Number,,
ABS:DEATHS_MARITAL_STATUS(1.0.0),4: Deaths,2: Females,A15: 15-19,TOT: All marital statuses,AUS: Australia,A: Annual,2019,140,NUM: Number,,
ABS:DEATHS_MARITAL_STATUS(1.0.0),4: Deaths,2: Females,A15: 15-19,TOT: All marital statuses,AUS: Australia,A: Annual,2020,147,NUM: Number,,
ABS:DEATHS_MARITAL_STATUS(1.0.0),4: Deaths,2: Females,A80: 80-84,TOT: All marital statuses,AUS: Australia,A: Annual,2009,11543,NUM: Number,,
ABS:DEATHS_MARITAL_STATUS(1.0.0),4: Deaths,2: Females,A80: 80-84,TOT: All marital statuses,AUS: Australia,A: Annual,2010,11490,NUM: Number,,
ABS:DEATHS_MARITAL_STATUS(1.0.0),4: Deaths,2: Females,A80: 80-84,TOT: All marital statuses,AUS: Australia,A: Annual,2011,11376,NUM: Number,,
ABS:DEATHS_MARITAL_STATUS(1.0.0),4: Deaths,2: Females,A80: 80-84,TOT: All marital statuses,AUS: Australia,A: Annual,2012,11290,NUM: Number,,
ABS:DEATHS_MARITAL_STATUS(1.0.0),4: Deaths,2: Females,A80: 80-84,TOT: All marital statuses,AUS: Australia,A: Annual,2013,10922,NUM: Number,,
ABS:DEATHS_MARITAL_STATUS(1.0.0),4: Deaths,2: Females,A80: 80-84,TOT: All marital statuses,AUS: Australia,A: Annual,2014,10825,NUM: Number,,
ABS:DEATHS_MARITAL_STATUS(1.0.0),4: Deaths,2: Females,A80: 80-84,TOT: All marital statuses,AUS: Australia,A: Annual,2015,10960,NUM: Number,,
ABS:DEATHS_MARITAL_STATUS(1.0.0),4: Deaths,2: Females,A80: 80-84,TOT: All marital statuses,AUS: Australia,A: Annual,2016,10653,NUM: Number,,
ABS:DEATHS_MARITAL_STATUS(1.0.0),4: Deaths,2: Females,A80: 80-84,TOT: All marital statuses,AUS: Australia,A: Annual,2017,10689,NUM: Number,,
ABS:DEATHS_MARITAL_STATUS(1.0.0),4: Deaths,2: Females,A80: 80-84,TOT: All marital statuses,AUS: Australia,A: Annual,2018,10358,NUM: Number,,
ABS:DEATHS_MARITAL_STATUS(1.0.0),4: Deaths,2: Females,A80: 80-84,TOT: All marital statuses,AUS: Australia,A: Annual,2019,11055,NUM: Number,,
ABS:DEATHS_MARITAL_STATUS(1.0.0),4: Deaths,2: Females,A80: 80-84,TOT: All marital statuses,AUS: Australia,A: Annual,2020,10721,NUM: Number,,
ABS:DEATHS_MARITAL_STATUS(1.0.0),4: Deaths,1: Males,A60: 60-64,TOT: All marital statuses,AUS: Australia,A: Annual,2009,4796,NUM: Number,,
ABS:DEATHS_MARITAL_STATUS(1.0.0),4: Deaths,1: Males,A60: 60-64,TOT: All marital statuses,AUS: Australia,A: Annual,2010,4710,NUM: Number,,
ABS:DEATHS_MARITAL_STATUS(1.0.0),4: Deaths,1: Males,A60: 60-64,TOT: All marital statuses,AUS: Australia,A: Annual,2011,4971,NUM: Number,,
ABS:DEATHS_MARITAL_STATUS(1.0.0),4: Deaths,1: Males,A60: 60-64,TOT: All marital statuses,AUS: Australia,A: Annual,2012,4669,NUM: Number,,
ABS:DEATHS_MARITAL_STATUS(1.0.0),4: Deaths,1: Males,A60: 60-64,TOT: All marital statuses,AUS: Australia,A: Annual,2013,4656,NUM: Number,,
ABS:DEATHS_MARITAL_STATUS(1.0.0),4: Deaths,1: Males,A60: 60-64,TOT: All marital statuses,AUS: Australia,A: Annual,2014,4954,NUM: Number,,
ABS:DEATHS_MARITAL_STATUS(1.0.0),4: Deaths,1: Males,A60: 60-64,TOT: All marital statuses,AUS: Australia,A: Annual,2015,4925,NUM: Number,,
ABS:DEATHS_MARITAL_STATUS(1.0.0),4: Deaths,1: Males,A60: 60-64,TOT: All marital statuses,AUS: Australia,A: Annual,2016,4872,NUM: Number,,
ABS:DEATHS_MARITAL_STATUS(1.0.0),4: Deaths,1: Males,A60: 60-64,TOT: All marital statuses,AUS: Australia,A: Annual,2017,4834,NUM: Number,,
ABS:DEATHS_MARITAL_STATUS(1.0.0),4: Deaths,1: Males,A60: 60-64,TOT: All marital statuses,AUS: Australia,A: Annual,2018,4955,NUM: Number,,
ABS:DEATHS_MARITAL_STATUS(1.0.0),4: Deaths,1: Males,A60: 60-64,TOT: All marital statuses,AUS: Australia,A: Annual,2019,5452,NUM: Number,,
ABS:DEATHS_MARITAL_STATUS(1.0.0),4: Deaths,1: Males,A60: 60-64,TOT: All marital statuses,AUS: Australia,A: Annual,2020,5033,NUM: Number,,
ABS:DEATHS_MARITAL_STATUS(1.0.0),4: Deaths,2: Females,A60: 60-64,TOT: All marital statuses,AUS: Australia,A: Annual,2009,2808,NUM: Number,,
ABS:DEATHS_MARITAL_STATUS(1.0.0),4: Deaths,2: Females,A60: 60-64,TOT: All marital statuses,AUS: Australia,A: Annual,2010,2870,NUM: Number,,
ABS:DEATHS_MARITAL_STATUS(1.0.0),4: Deaths,2: Females,A60: 60-64,TOT: All marital statuses,AUS: Australia,A: Annual,2011,2894,NUM: Number,,
ABS:DEATHS_MARITAL_STATUS(1.0.0),4: Deaths,2: Females,A60: 60-64,TOT: All marital statuses,AUS: Australia,A: Annual,2012,2909,NUM: Number,,
ABS:DEATHS_MARITAL_STATUS(1.0.0),4: Deaths,2: Females,A60: 60-64,TOT: All marital statuses,AUS: Australia,A: Annual,2013,2953,NUM: Number,,
ABS:DEATHS_MARITAL_STATUS(1.0.0),4: Deaths,2: Females,A60: 60-64,TOT: All marital statuses,AUS: Australia,A: Annual,2014,3001,NUM: Number,,
ABS:DEATHS_MARITAL_STATUS(1.0.0),4: Deaths,2: Females,A60: 60-64,TOT: All marital statuses,AUS: Australia,A: Annual,2015,2998,NUM: Number,,
ABS:DEATHS_MARITAL_STATUS(1.0.0),4: Deaths,2: Females,A60: 60-64,TOT: All marital statuses,AUS: Australia,A: Annual,2016,2967,NUM: Number,,
ABS:DEATHS_MARITAL_STATUS(1.0.0),4: Deaths,2: Females,A60: 60-64,TOT: All marital statuses,AUS: Australia,A: Annual,2017,2972,NUM: Number,,
ABS:DEATHS_MARITAL_STATUS(1.0.0),4: Deaths,2: Females,A60: 60-64,TOT: All marital statuses,AUS: Australia,A: Annual,2018,3120,NUM: Number,,
ABS:DEATHS_MARITAL_STATUS(1.0.0),4: Deaths,2: Females,A60: 60-64,TOT: All marital statuses,AUS: Australia,A: Annual,2019,3290,NUM: Number,,
ABS:DEATHS_MARITAL_STATUS(1.0.0),4: Deaths,2: Females,A60: 60-64,TOT: All marital statuses,AUS: Australia,A: Annual,2020,3157,NUM: Number,,
ABS:DEATHS_MARITAL_STATUS(1.0.0),4: Deaths,1: Males,A45: 45-49,TOT: All marital statuses,AUS: Australia,A: Annual,2009,1802,NUM: Number,,
ABS:DEATHS_MARITAL_STATUS(1.0.0),4: Deaths,1: Males,A45: 45-49,TOT: All marital statuses,AUS: Australia,A: Annual,2010,1850,NUM: Number,,
ABS:DEATHS_MARITAL_STATUS(1.0.0),4: Deaths,1: Males,A45: 45-49,TOT: All marital statuses,AUS: Australia,A: Annual,2011,1715,NUM: Number,,
ABS:DEATHS_MARITAL_STATUS(1.0.0),4: Deaths,1: Males,A45: 45-49,TOT: All marital statuses,AUS: Australia,A: Annual,2012,1633,NUM: Number,,
ABS:DEATHS_MARITAL_STATUS(1.0.0),4: Deaths,1: Males,A45: 45-49,TOT: All marital statuses,AUS: Australia,A: Annual,2013,1734,NUM: Number,,
ABS:DEATHS_MARITAL_STATUS(1.0.0),4: Deaths,1: Males,A45: 45-49,TOT: All marital statuses,AUS: Australia,A: Annual,2014,1692,NUM: Number,,
ABS:DEATHS_MARITAL_STATUS(1.0.0),4: Deaths,1: Males,A45: 45-49,TOT: All marital statuses,AUS: Australia,A: Annual,2015,1812,NUM: Number,,
ABS:DEATHS_MARITAL_STATUS(1.0.0),4: Deaths,1: Males,A45: 45-49,TOT: All marital statuses,AUS: Australia,A: Annual,2016,1749,NUM: Number,,
ABS:DEATHS_MARITAL_STATUS(1.0.0),4: Deaths,1: Males,A45: 45-49,TOT: All marital statuses,AUS: Australia,A: Annual,2017,1856,NUM: Number,,
ABS:DEATHS_MARITAL_STATUS(1.0.0),4: Deaths,1: Males,A45: 45-49,TOT: All marital statuses,AUS: Australia,A: Annual,2018,1763,NUM: Number,,
ABS:DEATHS_MARITAL_STATUS(1.0.0),4: Deaths,1: Males,A45: 45-49,TOT: All marital statuses,AUS: Australia,A: Annual,2019,2057,NUM: Number,,
ABS:DEATHS_MARITAL_STATUS(1.0.0),4: Deaths,1: Males,A45: 45-49,TOT: All marital statuses,AUS: Australia,A: Annual,2020,1807,NUM: Number,,
ABS:DEATHS_MARITAL_STATUS(1.0.0),4: Deaths,1: Males,A55: 55-59,TOT: All marital statuses,AUS: Australia,A: Annual,2009,3347,NUM: Number,,
ABS:DEATHS_MARITAL_STATUS(1.0.0),4: Deaths,1: Males,A55: 55-59,TOT: All marital statuses,AUS: Australia,A: Annual,2010,3395,NUM: Number,,
ABS:DEATHS_MARITAL_STATUS(1.0.0),4: Deaths,1: Males,A55: 55-59,TOT: All marital statuses,AUS: Australia,A: Annual,2011,3485,NUM: Number,,
ABS:DEATHS_MARITAL_STATUS(1.0.0),4: Deaths,1: Males,A55: 55-59,TOT: All marital statuses,AUS: Australia,A: Annual,2012,3375,NUM: Number,,
ABS:DEATHS_MARITAL_STATUS(1.0.0),4: Deaths,1: Males,A55: 55-59,TOT: All marital statuses,AUS: Australia,A: Annual,2013,3425,NUM: Number,,
ABS:DEATHS_MARITAL_STATUS(1.0.0),4: Deaths,1: Males,A55: 55-59,TOT: All marital statuses,AUS: Australia,A: Annual,2014,3601,NUM: Number,,
ABS:DEATHS_MARITAL_STATUS(1.0.0),4: Deaths,1: Males,A55: 55-59,TOT: All marital statuses,AUS: Australia,A: Annual,2015,3712,NUM: Number,,
ABS:DEATHS_MARITAL_STATUS(1.0.0),4: Deaths,1: Males,A55: 55-59,TOT: All marital statuses,AUS: Australia,A: Annual,2016,3660,NUM: Number,,
ABS:DEATHS_MARITAL_STATUS(1.0.0),4: Deaths,1: Males,A55: 55-59,TOT: All marital statuses,AUS: Australia,A: Annual,2017,3603,NUM: Number,,
ABS:DEATHS_MARITAL_STATUS(1.0.0),4: Deaths,1: Males,A55: 55-59,TOT: All marital statuses,AUS: Australia,A: Annual,2018,3689,NUM: Number,,
ABS:DEATHS_MARITAL_STATUS(1.0.0),4: Deaths,1: Males,A55: 55-59,TOT: All marital statuses,AUS: Australia,A: Annual,2019,3921,NUM: Number,,
ABS:DEATHS_MARITAL_STATUS(1.0.0),4: Deaths,1: Males,A55: 55-59,TOT: All marital statuses,AUS: Australia,A: Annual,2020,3677,NUM: Number,,
ABS:DEATHS_MARITAL_STATUS(1.0.0),4: Deaths,2: Females,A10: 10-14,TOT: All marital statuses,AUS: Australia,A: Annual,2009,67,NUM: Number,,
ABS:DEATHS_MARITAL_STATUS(1.0.0),4: Deaths,2: Females,A10: 10-14,TOT: All marital statuses,AUS: Australia,A: Annual,2010,53,NUM: Number,,
ABS:DEATHS_MARITAL_STATUS(1.0.0),4: Deaths,2: Females,A10: 10-14,TOT: All marital statuses,AUS: Australia,A: Annual,2011,59,NUM: Number,,
ABS:DEATHS_MARITAL_STATUS(1.0.0),4: Deaths,2: Females,A10: 10-14,TOT: All marital statuses,AUS: Australia,A: Annual,2012,63,NUM: Number,,
ABS:DEATHS_MARITAL_STATUS(1.0.0),4: Deaths,2: Females,A10: 10-14,TOT: All marital statuses,AUS: Australia,A: Annual,2013,55,NUM: Number,,
ABS:DEATHS_MARITAL_STATUS(1.0.0),4: Deaths,2: Females,A10: 10-14,TOT: All marital statuses,AUS: Australia,A: Annual,2014,60,NUM: Number,,
ABS:DEATHS_MARITAL_STATUS(1.0.0),4: Deaths,2: Females,A10: 10-14,TOT: All marital statuses,AUS: Australia,A: Annual,2015,67,NUM: Number,,
ABS:DEATHS_MARITAL_STATUS(1.0.0),4: Deaths,2: Females,A10: 10-14,TOT: All marital statuses,AUS: Australia,A: Annual,2016,53,NUM: Number,,
ABS:DEATHS_MARITAL_STATUS(1.0.0),4: Deaths,2: Females,A10: 10-14,TOT: All marital statuses,AUS: Australia,A: Annual,2017,53,NUM: Number,,
ABS:DEATHS_MARITAL_STATUS(1.0.0),4: Deaths,2: Females,A10: 10-14,TOT: All marital statuses,AUS: Australia,A: Annual,2018,56,NUM: Number,,
ABS:DEATHS_MARITAL_STATUS(1.0.0),4: Deaths,2: Females,A10: 10-14,TOT: All marital statuses,AUS: Australia,A: Annual,2019,69,NUM: Number,,
ABS:DEATHS_MARITAL_STATUS(1.0.0),4: Deaths,2: Females,A10: 10-14,TOT: All marital statuses,AUS: Australia,A: Annual,2020,61,NUM: Number,,
ABS:DEATHS_MARITAL_STATUS(1.0.0),4: Deaths,2: Females,A65: 65-69,TOT: All marital statuses,AUS: Australia,A: Annual,2009,3427,NUM: Number,,
ABS:DEATHS_MARITAL_STATUS(1.0.0),4: Deaths,2: Females,A65: 65-69,TOT: All marital statuses,AUS: Australia,A: Annual,2010,3457,NUM: Number,,
ABS:DEATHS_MARITAL_STATUS(1.0.0),4: Deaths,2: Females,A65: 65-69,TOT: All marital statuses,AUS: Australia,A: Annual,2011,3569,NUM: Number,,
ABS:DEATHS_MARITAL_STATUS(1.0.0),4: Deaths,2: Females,A65: 65-69,TOT: All marital statuses,AUS: Australia,A: Annual,2012,3745,NUM: Number,,
ABS:DEATHS_MARITAL_STATUS(1.0.0),4: Deaths,2: Females,A65: 65-69,TOT: All marital statuses,AUS: Australia,A: Annual,2013,3893,NUM: Number,,
ABS:DEATHS_MARITAL_STATUS(1.0.0),4: Deaths,2: Females,A65: 65-69,TOT: All marital statuses,AUS: Australia,A: Annual,2014,4123,NUM: Number,,
ABS:DEATHS_MARITAL_STATUS(1.0.0),4: Deaths,2: Females,A65: 65-69,TOT: All marital statuses,AUS: Australia,A: Annual,2015,4196,NUM: Number,,
ABS:DEATHS_MARITAL_STATUS(1.0.0),4: Deaths,2: Females,A65: 65-69,TOT: All marital statuses,AUS: Australia,A: Annual,2016,4200,NUM: Number,,
ABS:DEATHS_MARITAL_STATUS(1.0.0),4: Deaths,2: Females,A65: 65-69,TOT: All marital statuses,AUS: Australia,A: Annual,2017,4239,NUM: Number,,
ABS:DEATHS_MARITAL_STATUS(1.0.0),4: Deaths,2: Females,A65: 65-69,TOT: All marital statuses,AUS: Australia,A: Annual,2018,4162,NUM: Number,,
ABS:DEATHS_MARITAL_STATUS(1.0.0),4: Deaths,2: Females,A65: 65-69,TOT: All marital statuses,AUS: Australia,A: Annual,2019,4350,NUM: Number,,
ABS:DEATHS_MARITAL_STATUS(1.0.0),4: Deaths,2: Females,A65: 65-69,TOT: All marital statuses,AUS: Australia,A: Annual,2020,4084,NUM: Number,,
ABS:DEATHS_MARITAL_STATUS(1.0.0),4: Deaths,2: Females,A75: 75-79,TOT: All marital statuses,AUS: Australia,A: Annual,2009,6970,NUM: Number,,
ABS:DEATHS_MARITAL_STATUS(1.0.0),4: Deaths,2: Females,A75: 75-79,TOT: All marital statuses,AUS: Australia,A: Annual,2010,6856,NUM: Number,,
ABS:DEATHS_MARITAL_STATUS(1.0.0),4: Deaths,2: Females,A75: 75-79,TOT: All marital statuses,AUS: Australia,A: Annual,2011,6750,NUM: Number,,
ABS:DEATHS_MARITAL_STATUS(1.0.0),4: Deaths,2: Females,A75: 75-79,TOT: All marital statuses,AUS: Australia,A: Annual,2012,6914,NUM: Number,,
ABS:DEATHS_MARITAL_STATUS(1.0.0),4: Deaths,2: Females,A75: 75-79,TOT: All marital statuses,AUS: Australia,A: Annual,2013,6816,NUM: Number,,
ABS:DEATHS_MARITAL_STATUS(1.0.0),4: Deaths,2: Females,A75: 75-79,TOT: All marital statuses,AUS: Australia,A: Annual,2014,7216,NUM: Number,,
ABS:DEATHS_MARITAL_STATUS(1.0.0),4: Deaths,2: Females,A75: 75-79,TOT: All marital statuses,AUS: Australia,A: Annual,2015,7479,NUM: Number,,
ABS:DEATHS_MARITAL_STATUS(1.0.0),4: Deaths,2: Females,A75: 75-79,TOT: All marital statuses,AUS: Australia,A: Annual,2016,7370,NUM: Number,,
ABS:DEATHS_MARITAL_STATUS(1.0.0),4: Deaths,2: Females,A75: 75-79,TOT: All marital statuses,AUS: Australia,A: Annual,2017,7577,NUM: Number,,
ABS:DEATHS_MARITAL_STATUS(1.0.0),4: Deaths,2: Females,A75: 75-79,TOT: All marital statuses,AUS: Australia,A: Annual,2018,7492,NUM: Number,,
ABS:DEATHS_MARITAL_STATUS(1.0.0),4: Deaths,2: Females,A75: 75-79,TOT: All marital statuses,AUS: Australia,A: Annual,2019,7940,NUM: Number,,
ABS:DEATHS_MARITAL_STATUS(1.0.0),4: Deaths,2: Females,A75: 75-79,TOT: All marital statuses,AUS: Australia,A: Annual,2020,7618,NUM: Number,,
ABS:DEATHS_MARITAL_STATUS(1.0.0),4: Deaths,1: Males,A50: 50-54,TOT: All marital statuses,AUS: Australia,A: Annual,2009,2515,NUM: Number,,
ABS:DEATHS_MARITAL_STATUS(1.0.0),4: Deaths,1: Males,A50: 50-54,TOT: All marital statuses,AUS: Australia,A: Annual,2010,2498,NUM: Number,,
ABS:DEATHS_MARITAL_STATUS(1.0.0),4: Deaths,1: Males,A50: 50-54,TOT: All marital statuses,AUS: Australia,A: Annual,2011,2488,NUM: Number,,
ABS:DEATHS_MARITAL_STATUS(1.0.0),4: Deaths,1: Males,A50: 50-54,TOT: All marital statuses,AUS: Australia,A: Annual,2012,2459,NUM: Number,,
ABS:DEATHS_MARITAL_STATUS(1.0.0),4: Deaths,1: Males,A50: 50-54,TOT: All marital statuses,AUS: Australia,A: Annual,2013,2514,NUM: Number,,
ABS:DEATHS_MARITAL_STATUS(1.0.0),4: Deaths,1: Males,A50: 50-54,TOT: All marital statuses,AUS: Australia,A: Annual,2014,2650,NUM: Number,,
ABS:DEATHS_MARITAL_STATUS(1.0.0),4: Deaths,1: Males,A50: 50-54,TOT: All marital statuses,AUS: Australia,A: Annual,2015,2691,NUM: Number,,
ABS:DEATHS_MARITAL_STATUS(1.0.0),4: Deaths,1: Males,A50: 50-54,TOT: All marital statuses,AUS: Australia,A: Annual,2016,2561,NUM: Number,,
ABS:DEATHS_MARITAL_STATUS(1.0.0),4: Deaths,1: Males,A50: 50-54,TOT: All marital statuses,AUS: Australia,A: Annual,2017,2398,NUM: Number,,
ABS:DEATHS_MARITAL_STATUS(1.0.0),4: Deaths,1: Males,A50: 50-54,TOT: All marital statuses,AUS: Australia,A: Annual,2018,2391,NUM: Number,,
ABS:DEATHS_MARITAL_STATUS(1.0.0),4: Deaths,1: Males,A50: 50-54,TOT: All marital statuses,AUS: Australia,A: Annual,2019,2561,NUM: Number,,
ABS:DEATHS_MARITAL_STATUS(1.0.0),4: Deaths,1: Males,A50: 50-54,TOT: All marital statuses,AUS: Australia,A: Annual,2020,2444,NUM: Number,,
ABS:DEATHS_MARITAL_STATUS(1.0.0),4: Deaths,1: Males,999: Not stated,TOT: All marital statuses,AUS: Australia,A: Annual,2009,10,NUM: Number,,
ABS:DEATHS_MARITAL_STATUS(1.0.0),4: Deaths,1: Males,999: Not stated,TOT: All marital statuses,AUS: Australia,A: Annual,2010,7,NUM: Number,,
ABS:DEATHS_MARITAL_STATUS(1.0.0),4: Deaths,1: Males,999: Not stated,TOT: All marital statuses,AUS: Australia,A: Annual,2011,2,NUM: Number,,
ABS:DEATHS_MARITAL_STATUS(1.0.0),4: Deaths,1: Males,999: Not stated,TOT: All marital statuses,AUS: Australia,A: Annual,2012,2,NUM: Number,,
ABS:DEATHS_MARITAL_STATUS(1.0.0),4: Deaths,1: Males,999: Not stated,TOT: All marital statuses,AUS: Australia,A: Annual,2013,11,NUM: Number,,
ABS:DEATHS_MARITAL_STATUS(1.0.0),4: Deaths,1: Males,999: Not stated,TOT: All marital statuses,AUS: Australia,A: Annual,2014,18,NUM: Number,,
ABS:DEATHS_MARITAL_STATUS(1.0.0),4: Deaths,1: Males,999: Not stated,TOT: All marital statuses,AUS: Australia,A: Annual,2015,3,NUM: Number,,
ABS:DEATHS_MARITAL_STATUS(1.0.0),4: Deaths,1: Males,999: Not stated,TOT: All marital statuses,AUS: Australia,A: Annual,2016,3,NUM: Number,,
ABS:DEATHS_MARITAL_STATUS(1.0.0),4: Deaths,1: Males,999: Not stated,TOT: All marital statuses,AUS: Australia,A: Annual,2017,3,NUM: Number,,
ABS:DEATHS_MARITAL_STATUS(1.0.0),4: Deaths,1: Males,999: Not stated,TOT: All marital statuses,AUS: Australia,A: Annual,2018,3,NUM: Number,,
ABS:DEATHS_MARITAL_STATUS(1.0.0),4: Deaths,1: Males,999: Not stated,TOT: All marital statuses,AUS: Australia,A: Annual,2019,3,NUM: Number,,
ABS:DEATHS_MARITAL_STATUS(1.0.0),4: Deaths,1: Males,999: Not stated,TOT: All marital statuses,AUS: Australia,A: Annual,2020,6,NUM: Number,,
ABS:DEATHS_MARITAL_STATUS(1.0.0),4: Deaths,2: Females,A59: 5-9,TOT: All marital statuses,AUS: Australia,A: Annual,2009,56,NUM: Number,,
ABS:DEATHS_MARITAL_STATUS(1.0.0),4: Deaths,2: Females,A59: 5-9,TOT: All marital statuses,AUS: Australia,A: Annual,2010,58,NUM: Number,,
ABS:DEATHS_MARITAL_STATUS(1.0.0),4: Deaths,2: Females,A59: 5-9,TOT: All marital statuses,AUS: Australia,A: Annual,2011,64,NUM: Number,,
ABS:DEATHS_MARITAL_STATUS(1.0.0),4: Deaths,2: Females,A59: 5-9,TOT: All marital statuses,AUS: Australia,A: Annual,2012,59,NUM: Number,,
ABS:DEATHS_MARITAL_STATUS(1.0.0),4: Deaths,2: Females,A59: 5-9,TOT: All marital statuses,AUS: Australia,A: Annual,2013,59,NUM: Number,,
ABS:DEATHS_MARITAL_STATUS(1.0.0),4: Deaths,2: Females,A59: 5-9,TOT: All marital statuses,AUS: Australia,A: Annual,2014,67,NUM: Number,,
ABS:DEATHS_MARITAL_STATUS(1.0.0),4: Deaths,2: Females,A59: 5-9,TOT: All marital statuses,AUS: Australia,A: Annual,2015,57,NUM: Number,,
ABS:DEATHS_MARITAL_STATUS(1.0.0),4: Deaths,2: Females,A59: 5-9,TOT: All marital statuses,AUS: Australia,A: Annual,2016,44,NUM: Number,,
ABS:DEATHS_MARITAL_STATUS(1.0.0),4: Deaths,2: Females,A59: 5-9,TOT: All marital statuses,AUS: Australia,A: Annual,2017,57,NUM: Number,,
ABS:DEATHS_MARITAL_STATUS(1.0.0),4: Deaths,2: Females,A59: 5-9,TOT: All marital statuses,AUS: Australia,A: Annual,2018,51,NUM: Number,,
ABS:DEATHS_MARITAL_STATUS(1.0.0),4: Deaths,2: Females,A59: 5-9,TOT: All marital statuses,AUS: Australia,A: Annual,2019,46,NUM: Number,,
ABS:DEATHS_MARITAL_STATUS(1.0.0),4: Deaths,2: Females,A59: 5-9,TOT: All marital statuses,AUS: Australia,A: Annual,2020,31,NUM: Number,,
